-- --------------------------------------------------------
-- 호스트:                          stg-yswa-kr-practice-db-master.mariadb.database.azure.com
-- 서버 버전:                        10.3.23-MariaDB - MariaDB Server
-- 서버 OS:                        Win64
-- HeidiSQL 버전:                  11.3.0.6295
-- --------------------------------------------------------

/*!40101 SET @OLD_CHARACTER_SET_CLIENT=@@CHARACTER_SET_CLIENT */;
/*!40101 SET NAMES utf8 */;
/*!50503 SET NAMES utf8mb4 */;
/*!40014 SET @OLD_FOREIGN_KEY_CHECKS=@@FOREIGN_KEY_CHECKS, FOREIGN_KEY_CHECKS=0 */;
/*!40101 SET @OLD_SQL_MODE=@@SQL_MODE, SQL_MODE='NO_AUTO_VALUE_ON_ZERO' */;
/*!40111 SET @OLD_SQL_NOTES=@@SQL_NOTES, SQL_NOTES=0 */;


-- s06p12a204 데이터베이스 구조 내보내기
CREATE DATABASE IF NOT EXISTS `s06p12a204` /*!40100 DEFAULT CHARACTER SET utf8mb4 COLLATE utf8mb4_bin */;
USE `s06p12a204`;

-- 테이블 s06p12a204.answers 구조 내보내기
CREATE TABLE IF NOT EXISTS `answers` (
  `id` int(11) NOT NULL AUTO_INCREMENT,
  `value` varchar(255) COLLATE utf8mb4_bin DEFAULT NULL,
  `fk_members` int(11) NOT NULL,
  `fk_surveys` int(11) NOT NULL,
  `fk_questions` int(11) NOT NULL,
  `fk_options` int(11) NOT NULL,
  `createdAt` datetime NOT NULL,
  `updatedAt` datetime NOT NULL,
  PRIMARY KEY (`id`)
) ENGINE=InnoDB AUTO_INCREMENT=374 DEFAULT CHARSET=utf8mb4 COLLATE=utf8mb4_bin;

-- 테이블 데이터 s06p12a204.answers:~346 rows (대략적) 내보내기
/*!40000 ALTER TABLE `answers` DISABLE KEYS */;
INSERT INTO `answers` (`id`, `value`, `fk_members`, `fk_surveys`, `fk_questions`, `fk_options`, `createdAt`, `updatedAt`) VALUES
	(27, NULL, 1, 1, 1, 1, '2022-02-03 06:00:53', '2022-02-03 06:00:53'),
	(29, NULL, 1, 1, 1, 2, '2022-02-03 06:04:26', '2022-02-03 06:04:26'),
	(30, NULL, 1, 1, 1, 2, '2022-02-03 06:04:45', '2022-02-03 06:04:45'),
	(31, NULL, 1, 1, 1, 2, '2022-02-03 06:08:31', '2022-02-03 06:08:31'),
	(32, NULL, 1, 1, 1, 2, '2022-02-03 06:08:50', '2022-02-03 06:08:50'),
	(33, NULL, 1, 1, 1, 2, '2022-02-03 06:10:06', '2022-02-03 06:10:06'),
	(34, NULL, 1, 1, 1, 1, '2022-02-03 06:10:11', '2022-02-03 06:10:11'),
	(35, NULL, 1, 1, 1, 1, '2022-02-03 06:10:32', '2022-02-03 06:10:32'),
	(36, NULL, 1, 1, 1, 1, '2022-02-03 06:13:11', '2022-02-03 06:13:11'),
	(37, NULL, 1, 1, 1, 1, '2022-02-03 06:15:51', '2022-02-03 06:15:51'),
	(38, NULL, 1, 1, 1, 1, '2022-02-03 06:16:07', '2022-02-03 06:16:07'),
	(39, NULL, 1, 1, 1, 1, '2022-02-03 06:16:21', '2022-02-03 06:16:21'),
	(40, NULL, 1, 1, 1, 2, '2022-02-03 06:25:58', '2022-02-03 06:25:58'),
	(41, NULL, 1, 1, 1, 1, '2022-02-03 06:27:15', '2022-02-03 06:27:15'),
	(42, NULL, 1, 1, 1, 1, '2022-02-03 06:27:28', '2022-02-03 06:27:28'),
	(43, NULL, 1, 1, 1, 1, '2022-02-03 06:28:03', '2022-02-03 06:28:03'),
	(44, NULL, 1, 1, 1, 1, '2022-02-03 06:28:27', '2022-02-03 06:28:27'),
	(45, NULL, 1, 1, 1, 1, '2022-02-03 06:29:00', '2022-02-03 06:29:00'),
	(46, NULL, 1, 1, 1, 1, '2022-02-03 06:30:18', '2022-02-03 06:30:18'),
	(47, NULL, 1, 7, 11, 23, '2022-02-03 07:06:06', '2022-02-03 07:06:06'),
	(48, NULL, 1, 3, 3, 5, '2022-02-03 07:06:47', '2022-02-03 07:06:47'),
	(49, NULL, 1, 3, 3, 6, '2022-02-03 07:58:33', '2022-02-03 07:58:33'),
	(50, NULL, 1, 3, 3, 5, '2022-02-03 07:59:40', '2022-02-03 07:59:40'),
	(51, NULL, 1, 3, 3, 6, '2022-02-03 08:01:31', '2022-02-03 08:01:31'),
	(52, NULL, 1, 3, 3, 6, '2022-02-03 08:01:41', '2022-02-03 08:01:41'),
	(53, NULL, 1, 3, 3, 6, '2022-02-03 08:03:09', '2022-02-03 08:03:09'),
	(54, NULL, 1, 3, 3, 6, '2022-02-03 08:03:14', '2022-02-03 08:03:14'),
	(55, NULL, 1, 3, 3, 6, '2022-02-03 08:03:48', '2022-02-03 08:03:48'),
	(56, NULL, 1, 3, 3, 5, '2022-02-03 08:04:01', '2022-02-03 08:04:01'),
	(57, NULL, 1, 3, 3, 6, '2022-02-03 08:04:39', '2022-02-03 08:04:39'),
	(58, NULL, 1, 3, 3, 6, '2022-02-03 08:05:15', '2022-02-03 08:05:15'),
	(59, NULL, 1, 3, 3, 6, '2022-02-03 08:14:16', '2022-02-03 08:14:16'),
	(60, NULL, 1, 3, 3, 6, '2022-02-03 08:14:18', '2022-02-03 08:14:18'),
	(61, NULL, 1, 3, 3, 5, '2022-02-03 08:14:34', '2022-02-03 08:14:34'),
	(62, NULL, 1, 3, 3, 6, '2022-02-03 08:15:25', '2022-02-03 08:15:25'),
	(63, NULL, 1, 3, 3, 5, '2022-02-03 08:15:47', '2022-02-03 08:15:47'),
	(64, NULL, 1, 3, 3, 6, '2022-02-03 08:36:27', '2022-02-03 08:36:27'),
	(65, NULL, 1, 3, 3, 6, '2022-02-03 08:36:42', '2022-02-03 08:36:42'),
	(66, NULL, 1, 3, 3, 5, '2022-02-03 08:36:45', '2022-02-03 08:36:45'),
	(67, NULL, 1, 3, 3, 5, '2022-02-03 08:37:08', '2022-02-03 08:37:08'),
	(68, NULL, 1, 3, 3, 6, '2022-02-03 08:38:53', '2022-02-03 08:38:53'),
	(69, NULL, 1, 3, 3, 6, '2022-02-03 08:39:07', '2022-02-03 08:39:07'),
	(70, NULL, 1, 3, 3, 6, '2022-02-03 08:39:20', '2022-02-03 08:39:20'),
	(71, NULL, 1, 3, 3, 6, '2022-02-03 08:40:00', '2022-02-03 08:40:00'),
	(72, NULL, 1, 3, 3, 6, '2022-02-03 08:40:21', '2022-02-03 08:40:21'),
	(73, NULL, 1, 3, 3, 6, '2022-02-03 08:40:37', '2022-02-03 08:40:37'),
	(74, NULL, 1, 3, 3, 5, '2022-02-03 08:40:53', '2022-02-03 08:40:53'),
	(75, NULL, 1, 3, 3, 6, '2022-02-03 08:41:55', '2022-02-03 08:41:55'),
	(76, NULL, 1, 2, 2, 3, '2022-02-03 08:42:52', '2022-02-03 08:42:52'),
	(77, NULL, 1, 7, 11, 23, '2022-02-03 08:43:39', '2022-02-03 08:43:39'),
	(78, NULL, 1, 7, 11, 23, '2022-02-03 08:43:53', '2022-02-03 08:43:53'),
	(79, NULL, 1, 0, 0, 0, '2022-02-03 08:46:32', '2022-02-03 08:46:32'),
	(80, NULL, 1, 0, 0, 0, '2022-02-03 08:46:38', '2022-02-03 08:46:38'),
	(81, NULL, 1, 0, 0, 0, '2022-02-03 08:47:19', '2022-02-03 08:47:19'),
	(82, NULL, 1, 3, 3, 6, '2022-02-03 08:49:43', '2022-02-03 08:49:43'),
	(83, NULL, 1, 3, 3, 5, '2022-02-03 08:50:00', '2022-02-03 08:50:00'),
	(84, NULL, 1, 3, 3, 5, '2022-02-03 14:12:19', '2022-02-03 14:12:19'),
	(85, NULL, 1, 7, 11, 24, '2022-02-03 14:12:48', '2022-02-03 14:12:48'),
	(86, NULL, 1, 2, 2, 3, '2022-02-03 14:13:05', '2022-02-03 14:13:05'),
	(87, NULL, 1, 3, 3, 5, '2022-02-03 14:14:13', '2022-02-03 14:14:13'),
	(88, NULL, 1, 1, 1, 2, '2022-02-03 14:14:38', '2022-02-03 14:14:38'),
	(89, NULL, 1, 2, 2, 4, '2022-02-03 14:14:57', '2022-02-03 14:14:57'),
	(90, NULL, 1, 7, 11, 24, '2022-02-03 14:15:14', '2022-02-03 14:15:14'),
	(91, NULL, 1, 2, 2, 3, '2022-02-03 14:15:26', '2022-02-03 14:15:26'),
	(92, NULL, 1, 2, 2, 3, '2022-02-04 04:07:05', '2022-02-04 04:07:05'),
	(93, NULL, 1, 3, 3, 5, '2022-02-04 04:07:22', '2022-02-04 04:07:22'),
	(94, NULL, 1, 3, 3, 5, '2022-02-04 04:07:33', '2022-02-04 04:07:33'),
	(95, NULL, 1, 2, 2, 3, '2022-02-04 04:07:46', '2022-02-04 04:07:46'),
	(96, NULL, 1, 3, 3, 5, '2022-02-04 04:08:03', '2022-02-04 04:08:03'),
	(97, NULL, 1, 3, 3, 6, '2022-02-04 04:08:13', '2022-02-04 04:08:13'),
	(98, NULL, 1, 2, 2, 3, '2022-02-07 07:23:14', '2022-02-07 07:23:14'),
	(99, NULL, 1, 2, 2, 3, '2022-02-07 07:51:19', '2022-02-07 07:51:19'),
	(100, NULL, 1, 2, 2, 3, '2022-02-08 04:19:54', '2022-02-08 04:19:54'),
	(101, NULL, 1, 1, 1, 2, '2022-02-08 04:20:15', '2022-02-08 04:20:15'),
	(102, NULL, 1, 7, 11, 23, '2022-02-08 05:05:43', '2022-02-08 05:05:43'),
	(103, NULL, 1, 2, 2, 3, '2022-02-08 06:41:02', '2022-02-08 06:41:02'),
	(104, NULL, 1, 7, 11, 24, '2022-02-10 01:06:31', '2022-02-10 01:06:31'),
	(105, '테스트', 1, 1, 1, 1, '2022-02-10 07:43:00', '2022-02-10 07:43:00'),
	(106, NULL, 1, 1, 1, 2, '2022-02-11 08:24:32', '2022-02-11 08:24:32'),
	(107, NULL, 1, 3, 3, 6, '2022-02-11 09:34:40', '2022-02-11 09:34:40'),
	(108, NULL, 1, 7, 11, 24, '2022-02-11 09:34:52', '2022-02-11 09:34:52'),
	(109, NULL, 1, 3, 3, 6, '2022-02-11 09:35:02', '2022-02-11 09:35:02'),
	(110, NULL, 1, 1, 1, 1, '2022-02-11 09:35:15', '2022-02-11 09:35:15'),
	(111, NULL, 1, 2, 2, 4, '2022-02-11 09:36:38', '2022-02-11 09:36:38'),
	(112, NULL, 1, 2, 2, 3, '2022-02-11 09:41:40', '2022-02-11 09:41:40'),
	(113, NULL, 1, 7, 11, 24, '2022-02-11 09:42:13', '2022-02-11 09:42:13'),
	(114, NULL, 1, 1, 1, 1, '2022-02-11 09:58:18', '2022-02-11 09:58:18'),
	(115, NULL, 1, 1, 1, 2, '2022-02-11 10:34:00', '2022-02-11 10:34:00'),
	(116, NULL, 1, 2, 2, 4, '2022-02-11 13:07:15', '2022-02-11 13:07:15'),
	(117, 'TEST', 1, 1, 1, 0, '2022-02-11 13:40:53', '2022-02-11 13:40:53'),
	(118, 'test', 14, 4, 4, 0, '2022-02-11 13:42:23', '2022-02-11 13:42:23'),
	(119, '123', 14, 4, 5, 0, '2022-02-11 13:42:23', '2022-02-11 13:42:23'),
	(120, NULL, 1, 2, 2, 4, '2022-02-11 13:52:33', '2022-02-11 13:52:33'),
	(121, '456', 14, 4, 5, 0, '2022-02-11 14:49:31', '2022-02-11 14:49:31'),
	(122, '123', 14, 4, 4, 0, '2022-02-11 14:49:31', '2022-02-11 14:49:31'),
	(123, '아니요', 14, 4, 4, 0, '2022-02-11 14:57:52', '2022-02-11 14:57:52'),
	(124, '네', 14, 4, 5, 0, '2022-02-11 14:57:52', '2022-02-11 14:57:52'),
	(125, '123', 14, 4, 4, 0, '2022-02-11 14:58:29', '2022-02-11 14:58:29'),
	(126, '43', 14, 4, 5, 0, '2022-02-11 14:58:29', '2022-02-11 14:58:29'),
	(127, '1234', 14, 4, 4, 0, '2022-02-11 15:00:49', '2022-02-11 15:00:49'),
	(128, '42', 14, 4, 5, 0, '2022-02-11 15:00:49', '2022-02-11 15:00:49'),
	(129, '12', 14, 4, 4, 0, '2022-02-11 15:01:30', '2022-02-11 15:01:30'),
	(130, '42', 14, 4, 5, 0, '2022-02-11 15:01:30', '2022-02-11 15:01:30'),
	(131, '123', 14, 4, 4, 0, '2022-02-11 15:01:55', '2022-02-11 15:01:55'),
	(132, '321', 14, 4, 5, 0, '2022-02-11 15:01:55', '2022-02-11 15:01:55'),
	(133, '123', 14, 4, 4, 0, '2022-02-11 15:02:51', '2022-02-11 15:02:51'),
	(134, '24', 14, 4, 5, 0, '2022-02-11 15:02:51', '2022-02-11 15:02:51'),
	(135, '32', 14, 4, 4, 0, '2022-02-11 15:05:35', '2022-02-11 15:05:35'),
	(136, '32', 14, 4, 5, 0, '2022-02-11 15:05:35', '2022-02-11 15:05:35'),
	(137, '23', 14, 4, 5, 0, '2022-02-11 15:05:58', '2022-02-11 15:05:58'),
	(138, '231', 14, 4, 4, 0, '2022-02-11 15:05:58', '2022-02-11 15:05:58'),
	(139, NULL, 1, 3, 3, 5, '2022-02-12 04:52:33', '2022-02-12 04:52:33'),
	(140, NULL, 1, 3, 3, 6, '2022-02-12 05:17:27', '2022-02-12 05:17:27'),
	(141, NULL, 1, 2, 2, 4, '2022-02-12 07:37:36', '2022-02-12 07:37:36'),
	(142, '123', 14, 4, 5, 0, '2022-02-12 11:16:11', '2022-02-12 11:16:11'),
	(143, 'tte', 14, 4, 4, 0, '2022-02-12 11:16:11', '2022-02-12 11:16:11'),
	(144, '123', 14, 4, 4, 0, '2022-02-12 11:18:40', '2022-02-12 11:18:40'),
	(145, '32', 14, 4, 5, 0, '2022-02-12 11:18:40', '2022-02-12 11:18:40'),
	(146, 'test', 14, 5, 6, 0, '2022-02-12 11:51:34', '2022-02-12 11:51:34'),
	(147, 'test', 14, 5, 7, 0, '2022-02-12 11:51:34', '2022-02-12 11:51:34'),
	(148, 'tes', 14, 5, 8, 0, '2022-02-12 11:51:34', '2022-02-12 11:51:34'),
	(149, '1', 14, 4, 5, 0, '2022-02-12 11:53:27', '2022-02-12 11:53:27'),
	(150, '1', 14, 4, 4, 0, '2022-02-12 11:53:27', '2022-02-12 11:53:27'),
	(151, NULL, 1, 1, 1, 2, '2022-02-12 11:54:53', '2022-02-12 11:54:53'),
	(152, NULL, 1, 7, 11, 24, '2022-02-12 14:26:14', '2022-02-12 14:26:14'),
	(153, '23', 14, 4, 4, 0, '2022-02-12 16:02:53', '2022-02-12 16:02:53'),
	(154, '2332', 14, 4, 5, 0, '2022-02-12 16:02:53', '2022-02-12 16:02:53'),
	(155, '11', 14, 4, 4, 0, '2022-02-13 02:20:57', '2022-02-13 02:20:57'),
	(156, '11', 14, 4, 5, 0, '2022-02-13 02:20:57', '2022-02-13 02:20:57'),
	(157, '', 14, 4, 1, 1, '2022-02-13 02:53:20', '2022-02-13 02:53:20'),
	(158, '아니요', 14, 4, 4, 0, '2022-02-13 04:04:07', '2022-02-13 04:04:07'),
	(159, '네', 14, 4, 5, 0, '2022-02-13 04:04:07', '2022-02-13 04:04:07'),
	(160, '네', 14, 4, 4, 0, '2022-02-13 04:04:50', '2022-02-13 04:04:50'),
	(161, '네', 14, 4, 5, 0, '2022-02-13 04:04:50', '2022-02-13 04:04:50'),
	(162, '테스트', 14, 4, 1, 1, '2022-02-13 04:07:02', '2022-02-13 04:07:02'),
	(163, NULL, 1, 3, 3, 6, '2022-02-13 17:38:23', '2022-02-13 17:38:23'),
	(164, NULL, 1, 3, 3, 6, '2022-02-13 17:38:34', '2022-02-13 17:38:34'),
	(165, NULL, 1, 2, 2, 4, '2022-02-14 00:33:12', '2022-02-14 00:33:12'),
	(166, NULL, 1, 2, 2, 4, '2022-02-14 00:33:23', '2022-02-14 00:33:23'),
	(167, NULL, 1, 2, 2, 3, '2022-02-14 01:35:34', '2022-02-14 01:35:34'),
	(168, NULL, 1, 1, 1, 1, '2022-02-14 01:36:29', '2022-02-14 01:36:29'),
	(169, NULL, 1, 3, 3, 5, '2022-02-14 01:36:42', '2022-02-14 01:36:42'),
	(170, NULL, 1, 1, 1, 1, '2022-02-14 01:37:48', '2022-02-14 01:37:48'),
	(171, NULL, 1, 7, 11, 23, '2022-02-14 01:38:42', '2022-02-14 01:38:42'),
	(172, NULL, 1, 3, 3, 5, '2022-02-14 01:39:28', '2022-02-14 01:39:28'),
	(173, NULL, 1, 1, 1, 2, '2022-02-14 01:39:46', '2022-02-14 01:39:46'),
	(174, NULL, 1, 3, 3, 6, '2022-02-14 01:42:25', '2022-02-14 01:42:25'),
	(175, NULL, 1, 3, 3, 5, '2022-02-14 01:42:45', '2022-02-14 01:42:45'),
	(176, NULL, 1, 2, 2, 4, '2022-02-14 01:43:06', '2022-02-14 01:43:06'),
	(177, NULL, 1, 7, 11, 23, '2022-02-14 02:14:30', '2022-02-14 02:14:30'),
	(178, NULL, 1, 7, 11, 24, '2022-02-14 02:15:46', '2022-02-14 02:15:46'),
	(179, NULL, 1, 7, 11, 23, '2022-02-14 02:16:02', '2022-02-14 02:16:02'),
	(180, NULL, 1, 2, 2, 3, '2022-02-14 02:16:39', '2022-02-14 02:16:39'),
	(181, NULL, 1, 2, 2, 3, '2022-02-14 02:17:19', '2022-02-14 02:17:19'),
	(182, '123', 14, 5, 6, 0, '2022-02-14 02:23:59', '2022-02-14 02:23:59'),
	(183, '32', 14, 5, 8, 0, '2022-02-14 02:23:59', '2022-02-14 02:23:59'),
	(184, '23', 14, 5, 7, 0, '2022-02-14 02:23:59', '2022-02-14 02:23:59'),
	(185, NULL, 1, 2, 2, 3, '2022-02-14 02:24:24', '2022-02-14 02:24:24'),
	(186, NULL, 1, 3, 3, 6, '2022-02-14 02:41:03', '2022-02-14 02:41:03'),
	(187, NULL, 1, 7, 11, 24, '2022-02-14 02:44:33', '2022-02-14 02:44:33'),
	(188, NULL, 1, 2, 2, 4, '2022-02-14 02:50:08', '2022-02-14 02:50:08'),
	(189, NULL, 1, 1, 1, 1, '2022-02-14 05:56:46', '2022-02-14 05:56:46'),
	(190, NULL, 1, 1, 1, 2, '2022-02-14 05:56:55', '2022-02-14 05:56:55'),
	(191, NULL, 1, 3, 3, 6, '2022-02-14 06:14:35', '2022-02-14 06:14:35'),
	(192, NULL, 1, 7, 11, 24, '2022-02-14 06:14:48', '2022-02-14 06:14:48'),
	(193, '1', 14, 5, 6, 0, '2022-02-14 06:45:20', '2022-02-14 06:45:20'),
	(194, '1', 14, 5, 7, 0, '2022-02-14 06:45:20', '2022-02-14 06:45:20'),
	(195, '1', 14, 5, 8, 0, '2022-02-14 06:45:20', '2022-02-14 06:45:20'),
	(196, NULL, 1, 1, 1, 1, '2022-02-14 14:54:37', '2022-02-14 14:54:37'),
	(197, NULL, 1, 1, 1, 2, '2022-02-14 14:54:59', '2022-02-14 14:54:59'),
	(198, NULL, 1, 1, 1, 1, '2022-02-14 14:55:19', '2022-02-14 14:55:19'),
	(199, NULL, 1, 3, 3, 6, '2022-02-14 14:56:03', '2022-02-14 14:56:03'),
	(200, NULL, 1, 7, 11, 24, '2022-02-14 14:56:15', '2022-02-14 14:56:15'),
	(201, NULL, 1, 2, 2, 4, '2022-02-14 14:56:27', '2022-02-14 14:56:27'),
	(202, NULL, 1, 7, 11, 23, '2022-02-14 14:56:38', '2022-02-14 14:56:38'),
	(203, NULL, 1, 7, 11, 23, '2022-02-14 14:56:56', '2022-02-14 14:56:56'),
	(204, NULL, 1, 2, 2, 3, '2022-02-14 14:57:09', '2022-02-14 14:57:09'),
	(205, NULL, 1, 7, 11, 23, '2022-02-14 14:57:36', '2022-02-14 14:57:36'),
	(206, NULL, 1, 7, 11, 24, '2022-02-14 14:57:56', '2022-02-14 14:57:56'),
	(207, NULL, 1, 2, 2, 4, '2022-02-14 14:58:14', '2022-02-14 14:58:14'),
	(208, NULL, 1, 7, 11, 23, '2022-02-14 14:58:32', '2022-02-14 14:58:32'),
	(209, NULL, 1, 7, 11, 23, '2022-02-14 14:58:55', '2022-02-14 14:58:55'),
	(210, NULL, 1, 7, 11, 23, '2022-02-14 14:59:06', '2022-02-14 14:59:06'),
	(211, NULL, 1, 3, 3, 6, '2022-02-14 14:59:32', '2022-02-14 14:59:32'),
	(212, NULL, 1, 1, 1, 1, '2022-02-14 14:59:45', '2022-02-14 14:59:45'),
	(213, NULL, 1, 1, 1, 2, '2022-02-14 15:00:06', '2022-02-14 15:00:06'),
	(214, NULL, 1, 7, 11, 24, '2022-02-14 15:26:08', '2022-02-14 15:26:08'),
	(215, NULL, 1, 3, 3, 6, '2022-02-14 15:26:23', '2022-02-14 15:26:23'),
	(216, NULL, 1, 7, 11, 24, '2022-02-14 15:26:42', '2022-02-14 15:26:42'),
	(217, NULL, 1, 1, 1, 1, '2022-02-14 15:26:55', '2022-02-14 15:26:55'),
	(218, NULL, 1, 7, 11, 24, '2022-02-14 18:11:10', '2022-02-14 18:11:10'),
	(219, NULL, 1, 7, 11, 24, '2022-02-15 01:01:47', '2022-02-15 01:01:47'),
	(220, NULL, 1, 1, 1, 1, '2022-02-15 01:02:03', '2022-02-15 01:02:03'),
	(221, NULL, 1, 1, 1, 1, '2022-02-15 01:10:08', '2022-02-15 01:10:08'),
	(222, NULL, 1, 1, 1, 1, '2022-02-15 01:10:09', '2022-02-15 01:10:09'),
	(223, NULL, 1, 7, 11, 24, '2022-02-15 01:10:19', '2022-02-15 01:10:19'),
	(224, NULL, 1, 7, 11, 24, '2022-02-15 01:11:06', '2022-02-15 01:11:06'),
	(225, NULL, 1, 7, 11, 23, '2022-02-15 01:11:17', '2022-02-15 01:11:17'),
	(226, NULL, 1, 3, 3, 6, '2022-02-15 01:15:00', '2022-02-15 01:15:00'),
	(227, NULL, 1, 3, 3, 6, '2022-02-15 01:17:01', '2022-02-15 01:17:01'),
	(228, NULL, 1, 3, 3, 5, '2022-02-15 01:17:11', '2022-02-15 01:17:11'),
	(229, NULL, 1, 3, 3, 5, '2022-02-15 01:17:18', '2022-02-15 01:17:18'),
	(230, NULL, 1, 3, 3, 6, '2022-02-15 01:17:28', '2022-02-15 01:17:28'),
	(231, NULL, 1, 1, 1, 2, '2022-02-15 02:30:46', '2022-02-15 02:30:46'),
	(232, NULL, 1, 1, 1, 1, '2022-02-15 02:33:27', '2022-02-15 02:33:27'),
	(233, NULL, 1, 2, 2, 3, '2022-02-15 02:44:08', '2022-02-15 02:44:08'),
	(234, NULL, 1, 7, 11, 24, '2022-02-15 02:58:59', '2022-02-15 02:58:59'),
	(235, NULL, 1, 3, 3, 6, '2022-02-15 03:24:39', '2022-02-15 03:24:39'),
	(236, NULL, 1, 0, 0, 0, '2022-02-15 05:09:29', '2022-02-15 05:09:29'),
	(237, NULL, 1, 7, 11, 24, '2022-02-15 05:20:45', '2022-02-15 05:20:45'),
	(238, NULL, 1, 0, 0, 0, '2022-02-15 06:23:21', '2022-02-15 06:23:21'),
	(239, NULL, 1, 0, 0, 0, '2022-02-15 06:23:22', '2022-02-15 06:23:22'),
	(240, NULL, 1, 1, 1, 2, '2022-02-15 07:13:58', '2022-02-15 07:13:58'),
	(241, NULL, 1, 11, 12, 25, '2022-02-15 07:14:20', '2022-02-15 07:14:20'),
	(242, NULL, 1, 3, 3, 6, '2022-02-15 07:14:46', '2022-02-15 07:14:46'),
	(243, NULL, 1, 14, 16, 34, '2022-02-15 13:16:14', '2022-02-15 13:16:14'),
	(244, NULL, 1, 2, 2, 4, '2022-02-15 13:16:34', '2022-02-15 13:16:34'),
	(245, '아니요', 20, 5, 6, 0, '2022-02-15 13:18:15', '2022-02-15 13:18:15'),
	(246, '아니요', 20, 5, 8, 0, '2022-02-15 13:18:15', '2022-02-15 13:18:15'),
	(247, '네', 20, 5, 7, 0, '2022-02-15 13:18:15', '2022-02-15 13:18:15'),
	(248, NULL, 1, 7, 11, 24, '2022-02-15 13:19:16', '2022-02-15 13:19:16'),
	(249, NULL, 1, 14, 16, 33, '2022-02-15 14:02:52', '2022-02-15 14:02:52'),
	(250, NULL, 1, 14, 16, 33, '2022-02-15 14:02:52', '2022-02-15 14:02:52'),
	(251, NULL, 1, 16, 18, 38, '2022-02-15 14:20:44', '2022-02-15 14:20:44'),
	(252, NULL, 1, 12, 14, 30, '2022-02-15 14:21:01', '2022-02-15 14:21:01'),
	(253, NULL, 1, 14, 16, 34, '2022-02-15 14:21:17', '2022-02-15 14:21:17'),
	(254, NULL, 1, 3, 3, 5, '2022-02-15 14:30:50', '2022-02-15 14:30:50'),
	(255, NULL, 1, 10, 13, 27, '2022-02-15 14:49:03', '2022-02-15 14:49:03'),
	(256, NULL, 1, 13, 15, 31, '2022-02-16 01:49:35', '2022-02-16 01:49:35'),
	(257, NULL, 1, 10, 13, 27, '2022-02-16 01:50:34', '2022-02-16 01:50:34'),
	(258, '아니요', 31, 4, 5, 0, '2022-02-16 01:56:50', '2022-02-16 01:56:50'),
	(259, '아니요', 31, 4, 4, 0, '2022-02-16 01:56:50', '2022-02-16 01:56:50'),
	(260, '아니요', 32, 4, 5, 0, '2022-02-16 02:03:01', '2022-02-16 02:03:01'),
	(261, '아니요', 32, 4, 4, 0, '2022-02-16 02:03:01', '2022-02-16 02:03:01'),
	(262, NULL, 1, 3, 3, 5, '2022-02-16 04:55:58', '2022-02-16 04:55:58'),
	(263, NULL, 1, 7, 11, 24, '2022-02-16 05:13:15', '2022-02-16 05:13:15'),
	(264, NULL, 1, 7, 11, 24, '2022-02-16 05:17:28', '2022-02-16 05:17:28'),
	(265, NULL, 1, 1, 1, 1, '2022-02-16 05:19:41', '2022-02-16 05:19:41'),
	(266, NULL, 1, 12, 14, 29, '2022-02-16 08:15:43', '2022-02-16 08:15:43'),
	(267, NULL, 1, 8, 20, 42, '2022-02-16 08:16:09', '2022-02-16 08:16:09'),
	(268, NULL, 1, 1, 1, 1, '2022-02-16 08:18:18', '2022-02-16 08:18:18'),
	(269, NULL, 1, 12, 14, 29, '2022-02-16 08:18:33', '2022-02-16 08:18:33'),
	(270, NULL, 1, 9, 19, 40, '2022-02-16 08:19:08', '2022-02-16 08:19:08'),
	(271, NULL, 1, 15, 17, 36, '2022-02-16 08:19:24', '2022-02-16 08:19:24'),
	(272, NULL, 1, 2, 2, 4, '2022-02-16 08:19:27', '2022-02-16 08:19:27'),
	(273, NULL, 1, 8, 20, 42, '2022-02-16 08:19:40', '2022-02-16 08:19:40'),
	(274, NULL, 1, 9, 19, 40, '2022-02-16 13:52:33', '2022-02-16 13:52:33'),
	(275, NULL, 1, 11, 12, 26, '2022-02-16 13:53:00', '2022-02-16 13:53:00'),
	(276, NULL, 1, 7, 11, 23, '2022-02-16 14:03:41', '2022-02-16 14:03:41'),
	(277, NULL, 1, 2, 2, 4, '2022-02-16 14:32:51', '2022-02-16 14:32:51'),
	(278, NULL, 1, 11, 12, 26, '2022-02-16 14:33:07', '2022-02-16 14:33:07'),
	(279, 'dd', 0, 4, 4, 0, '2022-02-16 14:33:40', '2022-02-16 14:33:40'),
	(280, 'dd', 0, 4, 5, 0, '2022-02-16 14:33:40', '2022-02-16 14:33:40'),
	(281, NULL, 1, 10, 13, 28, '2022-02-16 17:24:44', '2022-02-16 17:24:44'),
	(282, NULL, 1, 10, 13, 28, '2022-02-17 01:12:36', '2022-02-17 01:12:36'),
	(283, '아니오\n', 21, 4, 4, 0, '2022-02-17 01:16:58', '2022-02-17 01:16:58'),
	(284, '네', 21, 4, 5, 0, '2022-02-17 01:16:58', '2022-02-17 01:16:58'),
	(285, '네', 21, 6, 9, 0, '2022-02-17 01:17:27', '2022-02-17 01:17:27'),
	(286, '없습니다', 21, 6, 10, 0, '2022-02-17 01:17:27', '2022-02-17 01:17:27'),
	(287, '네\n', 0, 6, 9, 0, '2022-02-17 03:27:10', '2022-02-17 03:27:10'),
	(288, '네', 0, 6, 10, 0, '2022-02-17 03:27:10', '2022-02-17 03:27:10'),
	(289, '네\n', 0, 4, 4, 0, '2022-02-17 03:27:23', '2022-02-17 03:27:23'),
	(290, '네', 0, 4, 5, 0, '2022-02-17 03:27:23', '2022-02-17 03:27:23'),
	(291, '네', 21, 5, 7, 0, '2022-02-17 03:28:04', '2022-02-17 03:28:04'),
	(292, '네', 21, 5, 6, 0, '2022-02-17 03:28:04', '2022-02-17 03:28:04'),
	(293, '네', 21, 5, 8, 0, '2022-02-17 03:28:04', '2022-02-17 03:28:04'),
	(294, NULL, 1, 16, 18, 37, '2022-02-17 05:12:55', '2022-02-17 05:12:55'),
	(295, NULL, 1, 1, 1, 2, '2022-02-17 05:13:22', '2022-02-17 05:13:22'),
	(296, NULL, 1, 16, 18, 38, '2022-02-17 05:13:36', '2022-02-17 05:13:36'),
	(297, NULL, 1, 15, 17, 36, '2022-02-17 05:13:48', '2022-02-17 05:13:48'),
	(298, NULL, 1, 8, 20, 42, '2022-02-17 05:13:59', '2022-02-17 05:13:59'),
	(299, NULL, 1, 10, 13, 28, '2022-02-17 05:14:46', '2022-02-17 05:14:46'),
	(300, NULL, 1, 3, 3, 6, '2022-02-17 05:15:00', '2022-02-17 05:15:00'),
	(301, NULL, 1, 8, 20, 42, '2022-02-17 05:15:27', '2022-02-17 05:15:27'),
	(302, NULL, 1, 13, 15, 32, '2022-02-17 05:37:28', '2022-02-17 05:37:28'),
	(303, NULL, 1, 13, 15, 32, '2022-02-17 06:25:20', '2022-02-17 06:25:20'),
	(304, NULL, 1, 7, 11, 24, '2022-02-17 06:26:01', '2022-02-17 06:26:01'),
	(305, NULL, 1, 14, 16, 34, '2022-02-17 06:26:16', '2022-02-17 06:26:16'),
	(306, NULL, 1, 2, 2, 4, '2022-02-17 06:26:38', '2022-02-17 06:26:38'),
	(307, '1', 0, 6, 9, 0, '2022-02-17 06:27:17', '2022-02-17 06:27:17'),
	(308, 'a\n', 0, 6, 10, 0, '2022-02-17 06:27:17', '2022-02-17 06:27:17'),
	(309, NULL, 1, 8, 20, 41, '2022-02-17 06:31:47', '2022-02-17 06:31:47'),
	(310, NULL, 1, 13, 15, 32, '2022-02-17 06:34:45', '2022-02-17 06:34:45'),
	(311, NULL, 1, 12, 14, 30, '2022-02-17 06:34:57', '2022-02-17 06:34:57'),
	(312, NULL, 1, 13, 15, 32, '2022-02-17 06:36:45', '2022-02-17 06:36:45'),
	(313, 'a', 0, 6, 10, 0, '2022-02-17 06:37:09', '2022-02-17 06:37:09'),
	(314, 'a\n', 0, 6, 9, 0, '2022-02-17 06:37:09', '2022-02-17 06:37:09'),
	(315, 'a', 0, 5, 8, 0, '2022-02-17 06:37:25', '2022-02-17 06:37:25'),
	(316, 'a', 0, 5, 6, 0, '2022-02-17 06:37:25', '2022-02-17 06:37:25'),
	(317, 'a', 0, 5, 7, 0, '2022-02-17 06:37:25', '2022-02-17 06:37:25'),
	(318, 'a', 0, 5, 6, 0, '2022-02-17 06:37:43', '2022-02-17 06:37:43'),
	(319, 'a', 0, 5, 7, 0, '2022-02-17 06:37:43', '2022-02-17 06:37:43'),
	(320, 'a', 0, 5, 8, 0, '2022-02-17 06:37:43', '2022-02-17 06:37:43'),
	(321, NULL, 1, 11, 12, 26, '2022-02-17 06:39:09', '2022-02-17 06:39:09'),
	(322, NULL, 1, 15, 17, 36, '2022-02-17 07:13:17', '2022-02-17 07:13:17'),
	(323, 'a', 0, 6, 9, 0, '2022-02-17 07:13:43', '2022-02-17 07:13:43'),
	(324, 'b', 0, 6, 10, 0, '2022-02-17 07:13:43', '2022-02-17 07:13:43'),
	(325, NULL, 1, 1, 1, 2, '2022-02-17 07:49:44', '2022-02-17 07:49:44'),
	(326, NULL, 1, 16, 18, 38, '2022-02-17 08:28:28', '2022-02-17 08:28:28'),
	(327, NULL, 1, 8, 20, 42, '2022-02-17 08:30:31', '2022-02-17 08:30:31'),
	(328, NULL, 1, 1, 1, 2, '2022-02-17 08:30:45', '2022-02-17 08:30:45'),
	(329, NULL, 1, 16, 18, 38, '2022-02-17 08:31:28', '2022-02-17 08:31:28'),
	(330, NULL, 1, 15, 17, 36, '2022-02-17 08:42:27', '2022-02-17 08:42:27'),
	(331, NULL, 1, 8, 20, 42, '2022-02-17 08:45:10', '2022-02-17 08:45:10'),
	(332, NULL, 1, 16, 18, 38, '2022-02-17 08:45:48', '2022-02-17 08:45:48'),
	(333, NULL, 1, 16, 18, 38, '2022-02-17 08:46:03', '2022-02-17 08:46:03'),
	(334, NULL, 1, 14, 16, 34, '2022-02-17 08:46:23', '2022-02-17 08:46:23'),
	(335, NULL, 1, 7, 11, 24, '2022-02-17 08:46:38', '2022-02-17 08:46:38'),
	(336, NULL, 1, 16, 18, 38, '2022-02-17 08:47:56', '2022-02-17 08:47:56'),
	(337, NULL, 1, 7, 11, 24, '2022-02-17 08:48:37', '2022-02-17 08:48:37'),
	(338, NULL, 1, 3, 3, 6, '2022-02-17 08:50:04', '2022-02-17 08:50:04'),
	(339, NULL, 1, 10, 13, 28, '2022-02-17 08:50:33', '2022-02-17 08:50:33'),
	(340, NULL, 1, 2, 2, 4, '2022-02-17 08:50:58', '2022-02-17 08:50:58'),
	(341, NULL, 1, 13, 15, 32, '2022-02-17 08:52:47', '2022-02-17 08:52:47'),
	(342, NULL, 1, 15, 17, 36, '2022-02-17 09:04:35', '2022-02-17 09:04:35'),
	(343, NULL, 1, 3, 3, 5, '2022-02-17 09:17:40', '2022-02-17 09:17:40'),
	(344, NULL, 1, 11, 12, 26, '2022-02-17 09:40:04', '2022-02-17 09:40:04'),
	(345, NULL, 1, 16, 18, 38, '2022-02-17 10:52:43', '2022-02-17 10:52:43'),
	(346, NULL, 1, 14, 16, 34, '2022-02-17 10:52:55', '2022-02-17 10:52:55'),
	(347, NULL, 1, 7, 11, 24, '2022-02-17 10:53:19', '2022-02-17 10:53:19'),
	(348, NULL, 1, 7, 11, 24, '2022-02-17 10:53:43', '2022-02-17 10:53:43'),
	(349, NULL, 1, 8, 20, 42, '2022-02-17 10:53:54', '2022-02-17 10:53:54'),
	(350, NULL, 1, 13, 15, 32, '2022-02-17 10:54:10', '2022-02-17 10:54:10'),
	(351, NULL, 1, 3, 3, 5, '2022-02-17 10:54:26', '2022-02-17 10:54:26'),
	(352, NULL, 1, 11, 12, 25, '2022-02-17 11:03:39', '2022-02-17 11:03:39'),
	(353, NULL, 1, 16, 18, 37, '2022-02-17 12:55:37', '2022-02-17 12:55:37'),
	(354, NULL, 1, 7, 11, 23, '2022-02-17 12:56:03', '2022-02-17 12:56:03'),
	(355, NULL, 1, 1, 1, 2, '2022-02-17 13:40:08', '2022-02-17 13:40:08'),
	(356, NULL, 1, 3, 3, 5, '2022-02-17 13:41:40', '2022-02-17 13:41:40'),
	(357, NULL, 1, 12, 14, 30, '2022-02-17 13:46:41', '2022-02-17 13:46:41'),
	(358, NULL, 1, 11, 12, 26, '2022-02-17 13:47:18', '2022-02-17 13:47:18'),
	(359, NULL, 1, 10, 13, 28, '2022-02-17 13:50:54', '2022-02-17 13:50:54'),
	(360, NULL, 1, 1, 1, 2, '2022-02-17 13:55:35', '2022-02-17 13:55:35'),
	(361, NULL, 1, 13, 15, 32, '2022-02-17 14:01:37', '2022-02-17 14:01:37'),
	(362, NULL, 1, 7, 11, 23, '2022-02-17 14:03:27', '2022-02-17 14:03:27'),
	(363, NULL, 1, 7, 11, 24, '2022-02-17 14:03:39', '2022-02-17 14:03:39'),
	(364, NULL, 1, 7, 11, 24, '2022-02-17 14:04:15', '2022-02-17 14:04:15'),
	(365, NULL, 1, 14, 16, 34, '2022-02-17 14:06:07', '2022-02-17 14:06:07'),
	(366, NULL, 1, 12, 14, 30, '2022-02-17 14:07:30', '2022-02-17 14:07:30'),
	(367, NULL, 1, 2, 2, 4, '2022-02-17 14:28:15', '2022-02-17 14:28:15'),
	(368, NULL, 1, 15, 17, 36, '2022-02-17 14:44:09', '2022-02-17 14:44:09'),
	(369, NULL, 1, 8, 20, 41, '2022-02-17 15:20:53', '2022-02-17 15:20:53'),
	(370, NULL, 1, 13, 15, 32, '2022-02-17 19:49:34', '2022-02-17 19:49:34'),
	(371, NULL, 1, 12, 14, 30, '2022-02-18 00:09:29', '2022-02-18 00:09:29'),
	(372, NULL, 1, 2, 2, 4, '2022-02-18 00:10:05', '2022-02-18 00:10:05'),
	(373, NULL, 1, 7, 11, 24, '2022-02-18 00:29:14', '2022-02-18 00:29:14');
/*!40000 ALTER TABLE `answers` ENABLE KEYS */;

-- 테이블 s06p12a204.interests 구조 내보내기
CREATE TABLE IF NOT EXISTS `interests` (
  `id` int(11) NOT NULL,
  `topic` varchar(45) COLLATE utf8mb4_bin NOT NULL,
  PRIMARY KEY (`id`) USING BTREE
) ENGINE=InnoDB DEFAULT CHARSET=utf8mb4 COLLATE=utf8mb4_bin;

-- 테이블 데이터 s06p12a204.interests:~1 rows (대략적) 내보내기
/*!40000 ALTER TABLE `interests` DISABLE KEYS */;
INSERT INTO `interests` (`id`, `topic`) VALUES
	(0, 'testtopic');
/*!40000 ALTER TABLE `interests` ENABLE KEYS */;

-- 테이블 s06p12a204.mapdata 구조 내보내기
CREATE TABLE IF NOT EXISTS `mapdata` (
  `id` int(11) NOT NULL AUTO_INCREMENT,
  `name` varchar(50) COLLATE utf8mb4_bin DEFAULT NULL,
  `x` varchar(100) COLLATE utf8mb4_bin DEFAULT NULL,
  `y` varchar(100) COLLATE utf8mb4_bin DEFAULT NULL,
  `operating_time` varchar(255) COLLATE utf8mb4_bin DEFAULT NULL,
  PRIMARY KEY (`id`)
) ENGINE=InnoDB AUTO_INCREMENT=5630 DEFAULT CHARSET=utf8mb4 COLLATE=utf8mb4_bin;

-- 테이블 데이터 s06p12a204.mapdata:~454 rows (대략적) 내보내기
/*!40000 ALTER TABLE `mapdata` DISABLE KEYS */;
INSERT INTO `mapdata` (`id`, `name`, `x`, `y`, `operating_time`) VALUES
	(5146, 'SM 사옥', '37.52834', '127.05072', '정보없음'),
	(5147, '롯데월드몰', '37.51137', '127.09813', '매장마다상이'),
	(5148, '아름지기', '37.57769', '126.97371', '월~금 AM 10:00 ~ PM 05:00'),
	(5149, 'KT스퀘어', '37.57231', '126.97784', '월~금 평일 09:00 ~ 20:00'),
	(5150, '금현국악원', '37.57734', '126.98373', '개인 사정에 의해 이용 시간 변동 가능'),
	(5151, '롤링홀', '37.54867', '126.92019', '12:00 - 22:00 공연에 따라 다르므로 홈페이지 확인 바랍니다.'),
	(5152, '시민청', '37.56638', '126.97791', '월~일 동절기(11~2월) : 09:00~20:00  하절기(3~10월) : 09:00~21:00'),
	(5153, '우리집 게스트하우스', '37.57927', '126.98606', '연중 24시간'),
	(5154, '이소정 한복명장연구소', '37.57868', '126.98231', '연중 AM 10:00 ~ PM 07:00 * 토요일 일요일 PM 9:30 까지 한복 대여 및 체험 가능'),
	(5155, '지형공방 홍벽헌', '37.58342', '126.98926', '화~토 하절기 AM 10:00 ~ PM 06:00 동절기 AM 10:00 ~ PM 05:00'),
	(5156, '동림매듭공방', '37.58188', '126.98554', '화~일 10:00~18:00'),
	(5157, '초고공방 고드랫돌', '37.58199', '126.98351', '10:00 - 17:00'),
	(5158, '국악사랑', '37.58248', '126.98538', '화수목금토일 AM 10:00 ~ PM 05:00(월요일 휴관)'),
	(5159, '성수동 유니온스타 볼링클럽', '37.54376', '127.05496', '월~일 10:00~02:00'),
	(5160, '서울새활용플라자', '37.55866', '127.05828', '화~일 10:00~18:00'),
	(5161, 'SeMA 벙커', '37.52319', '126.92252', '화~일 11:00~19:00'),
	(5162, '댄스뮤지컬 사춤', '37.58726', '126.99977', '수~금: 20:00~ 토 일 공휴일: 15:00~'),
	(5163, '평화문화진지', '37.69093', '127.04716', '화~일 10:00~18:00'),
	(5164, '신촌 플레이버스', '37.55712', '126.93588', '11:00~21:00'),
	(5165, '북촌목공예공방', '37.58294', '126.98731', '10:00~17:00'),
	(5166, '라뜰리에', '37.56892', '127.00766', '10:00-21:00 (매표소 마감 19:00)'),
	(5167, '서울특별시교육청과학전시관', '37.46893', '127.95959', '10:00 ~ 17:00'),
	(5168, '콤콤오락실', '37.53971', '126.96925', '매일 00:00 ~ 24:00'),
	(5169, '스터디룸 TRYGROUND', '37.47779', '126.96286', '매일 00:00 ~ 24:00'),
	(5170, '세종문화회관', '37.57269', '126.97569', '공연에 따라 이용 시간이 다름  * 현장 및 전화 예매 AM 09:00 ~ PM 08:00 (연중무휴)'),
	(5171, '코엑스 아쿠아리움', '37.51173', '127.05914', '매일 10:00 ~ 20:00 (입장마감 19:00)'),
	(5172, '서울 무형문화재 교육전시장', '37.57704', '126.99112', '화~일 10:00 ~ 17:00'),
	(5173, 'LG사이언스홀', '37.52815', '126.92921', '월~토 학기중 관람시간과 방학중 관람시간이 다르고 개인과 단체입장할 수 있는 시간이 다르니 확인바람'),
	(5174, '민속극장 풍류', '37.51024', '127.04458', '목요 상설기획공연 이야기 풍류 오후 7:30 시작 화 목 금 토요일 국가무형문화재 초청공연 진행 ※ 티켓은 당일 공연시작 2시간 전부터 발권'),
	(5175, '여의도 한강공원 수영장', '37.52644', '126.93358', '09:00 - 19:00'),
	(5176, '하늘물빛(전통 천연 염색 연구소)', '37.58502', '126.98338', '평일 10:00 - 18:00 토요일 10:00 - 14:00'),
	(5177, '명동예술극장', '37.56415', '126.98421', '전화예매  - 평일 13:00~20:00 - 주말·공휴일 10:00~17:00 (점심시간 12:00~13:00)'),
	(5178, 'KBS 온(ON)', '37.52507', '126.91564', '월~일 AM 09:30 ~ PM 05:30(입장마감 PM 05:00)'),
	(5179, '서울김치문화체험관', '37.56208', '126.98768', '월~일 10:30 - 19:00'),
	(5180, 'MBK 엔터테인먼트', '37.51691', '127.04085', '정보없음'),
	(5181, '나무엑터스', '37.52169', '127.03715', '정보없음'),
	(5182, '스파더엘', '37.52497', '127.03735', '평일 11:00~21:00 토요일 11:00~19:00'),
	(5183, '롤링코리아', '37.55651', '126.91968', '09:00~18:00'),
	(5184, '서울바이오허브', '37.59251', '127.04927', '월~금 09:00~18:00'),
	(5185, '한국의 집', '37.56028', '126.99444', '화~일 00:00 ~ 24:00 '),
	(5186, '골든블루마리나', '37.51151', '126.99462', '매년 3월~11월 주중/주말 09:00~22:00'),
	(5187, '한식문화관', '37.56868', '126.98174', '10:00~20:00'),
	(5188, '무계원', '37.59207', '126.96339', '정보없음'),
	(5189, '맹그로브 신설', '37.57635', '127.02611', '정보없음'),
	(5190, '명동실탄사격장', '37.56208', '126.98637', '평일 12:00 - 21:00  주말/공휴일 11:00 - 21:00'),
	(5191, '보라매 암벽등반장', '37.49085', '126.92125', '화~일 10:00~22:00'),
	(5192, '궁중음식연구원', '37.58371', '126.98928', '월화수목금 AM 10:00 ~ PM 01:00 (오전반) PM 02:00 ~ PM 05:00 (오후반)  강좌별로 이용시간이 다름'),
	(5193, '떡박물관', '37.57507', '126.99066', '월~토요일(10:00~18:00) (17시 30분까지 입장완료)'),
	(5194, '서울월드컵경기장', '37.56845', '126.89729', '09:00 ~ 18:00 (매주 월요일 / 명절 연휴 / 근로자의 날(5.1.) / 경기행사일 관람시간 제한)'),
	(5195, '충무아트센터', '37.56619', '127.01461', '공연 및 전시 : 공연에 따라 이용 시간에 차이가 있음'),
	(5196, '잠실야구장', '37.51243', '127.07188', '경기에 따라 이용 시간이 다름 사전 확인 요망'),
	(5197, '워커힐 카지노', '37.55551', '127.11103', '연중 무휴 24시간 내국인 이용 불가'),
	(5198, '뚝섬 한강공원 수영장', '37.52979', '127.06711', '09:00 ~ 19:00 (6월말 ~ 8월 개장)'),
	(5199, '남산예술센터', '37.55914', '126.98849', '평일 10:00 - 18:00'),
	(5200, '콘래드 서울 호텔', '37.52547', '126.92654', '체크인 PM 04:00 체크아웃 AM 11:00'),
	(5201, '씨제스사옥', '37.52167', '127.03551', '정보없음'),
	(5202, '사단법인 전통문화원', '37.58063', '126.97074', '평일 09:00~18:00 토요일 09:00~14:00'),
	(5203, '그랜드 워커힐 서울', '37.55541', '127.11091', '체크인 PM 15:00 체크아웃 AM 12:00'),
	(5204, '전통연공방', '37.58321', '126.98923', '월요일~금요일 AM 10:00 ~ PM 05:00'),
	(5205, '전통공예체험관', '37.58261', '126.98602', '연중 3~11월 AM 10:00 ~ PM 06:00 11~2월 AM 10:00 ~ PM 05:00'),
	(5206, '옻칠 공방', '37.57907', '126.98421', 'AM 11:00 ~ PM 05:00'),
	(5207, '북촌문화센터', '37.57916', '126.98646', '평일 AM 09:00 ~ PM 06:00 주말 AM 09:00 ~ PM 05:00'),
	(5208, '성재전통건축자료관', '37.58041', '126.98792', '10:00~17:00'),
	(5209, '가원공방', '37.57253', '126.99231', '10:30 ~ 18:30'),
	(5210, '그날 그 한복', '37.57771', '126.98061', '월-일 09:30~19:00 (경복궁 야간개장시 22:00까지)'),
	(5211, '중랑 청소년 체험의 숲 운영센터', '37.60631', '127.11352', '화~일 09:00 - 17:00(프로그램별 상이)'),
	(5212, '항동철길', '37.48891', '126.83516', '매일'),
	(5213, 'ONDO STUDIO', '37.58547', '126.98327', '정보없음'),
	(5214, '아크앤북 이태원점', '37.52868', '126.99308', '매일 10:00 ~ 22:00'),
	(5215, '제로월드 강남점', '37.50109', '127.02445', '매일 11:00 ~ 23:00'),
	(5216, '북파크라운지', '37.54088', '127.00265', '화~일 11:00 ~ 21:00'),
	(5217, '후암서재', '37.54727', '126.97552', '매일 10:00 ~ 18:00 (낮) 19:00 ~ 24:00 (밤)'),
	(5218, '로컬스티치 크리에이터 타운 을지로', '37.5642', '126.99862', '정보없음'),
	(5219, '동숭아트센터', '37.58386', '127.00367', 'AM 10:00 ~ PM 06:00'),
	(5220, '서울놀이마당', '37.50919', '127.09776', '주말상설공연 : 매년 4월 ~ 10월 - 매주 일요일 오후3시  민속절 공연 : 설날 정월대보름 추석 등'),
	(5221, '서울시민 광나루안전체험관', '37.55139', '127.07706', '평일 공휴일 AM 09:00 ~ PM 05:00 ※ 수요일 야간체험은 오후 7시에서 오후 9시까지 운영한다.'),
	(5222, '태릉국제스케이트장', '37.63858', '127.10304', '월~일10:00 ~ 18:00'),
	(5223, '학전블루소극장', '37.5822', '127.00375', '공연에 따라 이용시간이 다름 (사전 확인 요망)'),
	(5224, '서울애니메이션센터', '37.55998', '126.98305', '화~토1층 만화의집 10:00~20:00 2층 애니소풍 10:00~18:00'),
	(5225, '서울풍물시장 전통문화체험관', '37.5732', '127.02557', '월~일 10:00~18:30/ 접수마감 18:00 휴게시간: 12:00~13:00'),
	(5226, '한국문화의집 코우스(KOUS)', '37.507', '127.06033', '프로그램에 따라 다름'),
	(5227, '강변스파랜드 (Riverside Spa Land)', '37.53493', '127.09152', '정보없음'),
	(5228, '광진교 8번가', '37.54526', '127.11252', '평일 10:00~22:00'),
	(5229, '성곽길 예술놀이터 꼬레아트(Core Art)', '37.55831', '127.01794', '월~토 9:00~18:00 (최소 3일전 예약)'),
	(5230, '온고푸드커뮤니케이션', '37.57394', '126.98851', '월~금 09:00 - 18:00'),
	(5231, '부티크모나코', '37.49749', '127.02457', '정보없음'),
	(5232, '이스타아카데미', '37.52518', '126.87368', '월~일11:00 ~ 22:00'),
	(5233, '스튜디오 콘크리트', '37.54256', '127.00246', '화~일 11:00~20:00'),
	(5234, '주얼리복합문화공간 스페이스42', '37.57426', '126.9922', '화~일 10:00 - 19:00'),
	(5235, '서울시50플러스 남부캠퍼스', '37.48865', '126.84186', '주중 : 09:00~19:00 토요일: 09:00~17:00'),
	(5236, '돈의문 박물관마을', '37.56891', '126.96846', '화~일 10:00~19:00'),
	(5237, '원밀리언 댄스 스튜디오', '37.54138', '127.05749', '평일 16:00~22:00 / 주말 15:00~21:30'),
	(5238, 'KT&G 상상마당', '37.55106', '126.92112', '정보없음'),
	(5239, '사운즈 한남', '37.53386', '127.00209', '월~일 09:00 - 22:00(매장별 상이)'),
	(5240, '성수연방', '37.54166', '127.05696', '10:00~22:00'),
	(5241, '세빛섬 튜브스터', '37.51149', '126.99532', '주중: 16:00 ~ 24:00 주말: 14:00~24:00 (우천 강풍시 휴장 혹은 운행 시간 변경)'),
	(5242, '스매싱볼 청담점', '37.52456', '127.04004', '00:00~24:00 오전8시~12시(4시간)사이에는 기계점검시간이나 사전예약시에는 이용가능하십니다.'),
	(5243, '아이러브한식', '37.56436', '126.92662', '오전 9시 - 저녁 10시'),
	(5244, '테이블에이', '37.55418', '126.92954', '매일 12:00 ~ 22:00'),
	(5245, '스페이스 와디즈', '37.54506', '127.05057', '11:00 ~ 20:00'),
	(5246, '경리단 길', '37.53857', '126.9876', '정보없음'),
	(5247, '리기태전통연공방', '37.5832', '126.98922', '평일 AM 10:00 ~ PM 05:00'),
	(5248, '아르코(ArKo)예술극장', '37.58136', '127.00295', '문의시간 화~일요일 AM 10:00 ~ PM 07:00'),
	(5249, '산울림소극장', '37.55525', '126.92995', '공연별로 차이가 있음 사전 확인 요망'),
	(5250, '테지움 서울', '37.57187', '127.01523', '월~일 AM 08:30 ~ PM 07:00 (티켓발권은 PM 06:00 까지)'),
	(5251, '해치홀', '37.56267', '126.98516', '매일 10:30 - 18:30'),
	(5252, '예술의 전당', '37.47844', '127.012', '공연에 따라 이용 시간이 다름'),
	(5253, '난타전용관(홍대)', '37.55328', '126.92115', '홈페이지 참조'),
	(5254, '유니버설아트센터', '37.55101', '127.08793', '평일 10:00 - 16:00 주말 10:00 - 18:00'),
	(5255, '스파레이', '37.51819', '127.0181', '24시간  ※ 매주 화요일 AM 9:00 ~ AM 10:00 정기점검'),
	(5257, '서울마리나 요트&클럽', '37.53489', '126.91154', '매일 10:00 - 22:00'),
	(5258, 'FNC 사옥', '37.52762', '127.04994', '정보없음'),
	(5260, 'MBC가든스튜디오', '37.58043', '126.89219', '정보없음'),
	(5261, '뷰티블르바드', '37.52245', '127.05518', '11:00~24:00'),
	(5262, '나전과 옻칠', '37.58246', '126.98707', '화~일'),
	(5263, '남산서울타워 한복문화 체험관', '37.55131', '126.98833', '매일 10:00~19:00 (입장마감 18:00)'),
	(5264, '시네코아셰프전용관', '37.56905', '126.98811', '월 20:00 화 ~ 일 17:00 20:00'),
	(5265, '양재 R&CD 혁신허브', '37.46612', '127.0283', '월~금 09:00~18:00'),
	(5267, '쇼비보이', '37.56829', '126.96991', '정보없음'),
	(5268, '터치스카이 빵쇼', '37.51989', '126.94012', '정보없음'),
	(5269, '정동마루', '37.5661', '126.9729', '정보없음'),
	(5270, '아원공방', '37.57418', '126.98484', '매일 10:30 - 19:30 일요일 11:00 - 19:00'),
	(5271, '명신당필방', '37.57366', '126.98565', '10:00~18:00'),
	(5272, '우리유황온천', '37.53098', '127.08403', '평일 5:30~20:00 주말/공휴일 05:30 - 22:00'),
	(5273, '라바타운', '37.57075', '126.97168', '10:00~20:00'),
	(5274, '세라듀 도자기공방', '37.49507', '127.03997', '매일 10:00 ~ 20:00 (수업에 따라 상이함 공휴일 10:00 ~ 19:00 예약시가능)'),
	(5275, '미스터리 룸 이스케이프 홍대점', '37.54987', '126.91948', '매일  10:00~23:00'),
	(5276, '더숲 초소책방', '37.58608', '126.96428', '매일  08:00 ~ 22:00'),
	(5277, '카페 꼼마 합정점', '37.55211', '126.90675', '매일  10:00 ~ 21:00'),
	(5278, '교보문고 광화문점', '37.57109', '126.97777', '매일  09:30 ~ 22:00'),
	(5279, '두산아트센터', '37.57188', '127.00123', '공연에 따라 차이가 있음'),
	(5280, '서울랜드', '37.43427', '127.02013', '매일  09:30 ~ 18:00 20:00 21:00 22:00(축제일정 및 공원사정에 따라 폐장시간 변경)'),
	(5281, '문래동 예술촌', '37.5146', '126.89758', '각 스튜디오별로 이용 시간이 다름'),
	(5282, '이종남 자연염색연구소', '37.58131', '126.98466', '매일  10:00 - 17:00'),
	(5283, '난타전용관(명동)', '37.56363', '126.98369', '홈페이지 참조'),
	(5284, '국립국악원', '37.47787', '127.00836', '공연 일정에 따라 다름'),
	(5285, 'YG 엔터테인먼트', '37.54896', '126.90816', '정보없음'),
	(5286, '한복&웨딩카페', '37.56713', '127.00669', '10:00~18:00'),
	(5287, '1898 명동성당', '37.56408', '126.98617', '성당사무실 화   ~   금 | 09:00 ~ 20:30 토  요  일 | 09:00 ~ 20:00 일  요  일 | 09:00 ~ 21:00'),
	(5288, '그랜드 워커힐 서울렛츠런 문화공감센터', '37.55538', '127.11076', '계절에 따라 다름(홈페이지 확인)'),
	(5289, '템플스테이 통합정보센터', '37.57401', '126.98308', '월~토 09:00 - 19:00  일요일 09:00 - 18:00'),
	(5290, '놀이똥산', '37.57207', '126.98411', '매일  11:00 - 18:00 (입장마감 17:00)'),
	(5291, '영빈관(신라호텔)', '37.55665', '127.0061', '정보없음'),
	(5292, '서울돈화문국악당', '37.57739', '126.99059', '정보없음'),
	(5293, '탈방', '37.59633', '126.98445', '10:30 - 19:00'),
	(5294, '봉일온천', '37.48605', '126.93847', '매일 00:00~24:00'),
	(5295, '비스타 워커힐 서울', '37.55452', '127.11116', '매일 10:00~22:00 *SKYARD BAR 평일 14:00 - 21:00  주말 10:00 - 21:00'),
	(5296, '세운청계상가', '37.56837', '126.99524', '정보없음'),
	(5297, '광진구 인덱스숍', '37.54101', '127.06599', '매일  11:00 ~ 22:00'),
	(5298, '세븐럭 카지노(강북 힐튼점)', '37.55542', '126.97573', '월~일'),
	(5299, '서울남산국악당', '37.55863', '126.99347', '강좌 공연에 따라 차이가 있음.  *해당 공연 일정 확인 요망'),
	(5300, '목동 아이스링크', '37.53743', '126.87878', '평일 PM 02:00 ~ PM 06:00 주말·공휴일 PM 12:00 ~ PM 06:00 방학 기간 AM 10:00 ~ PM 06:00'),
	(5301, '국기원', '37.51516', '127.02774', 'AM 09:00 ~ PM 05:30'),
	(5302, '두 게스트하우스 (북촌)', '37.57974', '126.98649', '정보없음'),
	(5303, '서울에너지드림센터', '37.565276', '126.89108', '화~일 09:30 - 17:30'),
	(5304, '메이필드 호텔', '37.5477', '126.8187', '체크인 PM 03:00 체크아웃 PM 11:00'),
	(5305, '고척 스카이돔', '37.49829', '126.86691', '정보없음'),
	(5306, '다이나믹 메이즈', '37.57192', '126.98728', '11:00 - 18:00 (입장마감 17:00)'),
	(5307, '서울혁신파크', '37.60873', '126.9338', '월~토 06:00 - 24:00'),
	(5308, '서울창업허브', '37.54684', '126.94985', '평일 : 09:00~21:00 주말 및 공휴일 : 09:00~18:00'),
	(5309, '서울시립과학관', '37.64211', '127.07761', '화~일 09:30 ~ 17:30'),
	(5310, '난타', '37.56355', '126.98375', '정보없음'),
	(5311, '팝콘D스퀘어 ( POPCONDSQUARE)', '37.52889', '126.96325', '평일(월-목) 10:30~ 20:30 주말(금-일) 10:30~ 21:00'),
	(5312, '청계천 판잣집 체험관', '37.57159', '127.0348', '화~일 10:00~19:00'),
	(5313, 'CGV 씨네 라이브러리', '37.56142', '126.98536', '평일 13:00~21:00 주말/공휴일 11:00~21:00'),
	(5314, '컬러풀뮤지엄(COLORPOOL MUSEUM)', '37.57478', '126.98364', '연중무휴 10:00 ~ 21:00 (20:20 매표마감)'),
	(5315, '롯데월드 아쿠아리움', '37.51393', '127.10514', '월~목 10:00 ~ 20:00 (입장마감 19:00) 금~일 공휴일 10:00 ~ 21:00 (입장마감 20:00)'),
	(5316, 'HYBE INSIGHT (하이브 뮤지엄)', '37.52488', '126.96441', '화~일 11:00 ~ 21:00 (입장 마감 18:55)'),
	(5317, '소전서림', '37.52392', '127.05601', '11:00 ~ 21:00 (화~토) 11:00 ~ 18:00 (일)'),
	(5318, '락고재', '37.58014', '126.9861', '매일 체크인 시간 : 오후 3시 이후 체크아웃 시간 : 오전 11시 이전'),
	(5319, 'LG아트센터', '37.50248', '127.03751', '월~금 09:00 ~ 18:00  ＊공연이 있을 경우 변동사항이 있을 수 있음'),
	(5320, 'DMC 홍보관', '37.57788', '126.89219', '월~토 AM 10:00 ~ PM 05:00'),
	(5321, '세븐럭 카지노(강남)', '37.51038', '127.05851', '월~일'),
	(5322, '명보아트홀', '37.56485', '126.99322', 'AM 10:00 ~ PM 10:00'),
	(5323, '정보소극장', '37.5826', '127.00373', '공연작에 따라 이용시간이 다름  사전 확인 요망'),
	(5324, '하얏트 아이스링크', '37.56651', '126.97826', '평일 PM 12:00 ~ PM 09:00 주말·공휴일 AM 10:00 ~ PM 09:00'),
	(5325, '쌈지길 체험공방', '37.57437', '126.98476', '매일 AM 10:30 ~ PM 08:30'),
	(5326, '서울글로벌문화체험센터', '37.56265', '126.98517', '매일 AM 10:00 ~ PM 07:00'),
	(5327, 'JYP엔터테인먼트', '37.52722', '127.12895', '정보없음'),
	(5328, 'KBS홀', '37.52495', '126.91691', '정보없음'),
	(5329, '티켓라운지 씬디', '37.5507', '126.92094', '저녁시간 오후 5~6시 화 목~일 11:00~20:00 수요일 15:00~20:00'),
	(5330, '영화 \'괴물\' 조형물', '37.52651', '126.93359', '주 야간 상시 이용가능'),
	(5332, '심화숙 한지공방', '37.57975', '126.98726', '3월~11월 AM 10:00 ~ PM 06:00 11월~2월 AM 10:00 ~ PM 05:00(월요일·명절 당일 휴무)'),
	(5333, '금박연', '37.58273', '126.98616', '평일 10:00 - 17:00 토요일 09:00 - 15:00'),
	(5334, '우리빛깔공방', '37.58244', '126.98397', '매일 AM 10:30 ~ PM 05:00'),
	(5335, '장안평자동차산업종합정보센터', '37.56056', '127.06446', '화~일 09:00~18:00'),
	(5336, '해라 판타스틱', '37.56823', '126.96995', '매일 17:00 20:00'),
	(5337, '호텔 카푸치노', '37.50697', '127.03154', '정보없음'),
	(5339, '세종대 컨벤션센터', '37.55019', '127.07321', '정보없음'),
	(5340, 'SJ쿤스트할레', '37.5206', '127.03495', '평일 09:00 - 18:00 대관문의 평일 11:00 - 22:00 카페 평일 11:00 - 18:00'),
	(5341, '더리버', '37.50796', '126.98516', '정보없음'),
	(5342, '서울여성플라자', '37.51208', '126.92719', '정보없음'),
	(5343, '아쿠아플라넷63', '37.51948', '126.93982', '매일 10:00 ~ 19:00 (입장마감 18:30)'),
	(5344, '63스퀘어', '37.51953', '126.94027', '아쿠아리움-연중무휴 매일 10:00 - 21:00 \r\n63아트 - 연중무휴 (운영시간 마감 30분 전 입장마감)'),
	(5345, '서울 한양도성', '37.57256', '127.00881', '정보없음'),
	(5346, '경복궁', '37.57986', '126.97702', '1월 ~ 2월 : 09:00~17:00\r\n3월 ~ 5월 : 09:00~18:00\r\n6월 ~ 8월 : 09:00~18:30 \r\n9월 ~ 10월 : 09:00~18:00\r\n11월 ~ 12월 : 09:00~17:00'),
	(5347, '경희대학교 자연사박물관', '37.59784', '127.05517', '평일 10:00~17:00'),
	(5348, '광화문광장', '37.5742', '126.97675', '도심 열린 광장으로 연중 24시간 상시 개방'),
	(5349, '국립고궁박물관', '37.57678', '126.97503', '매일 10:00~18:00 (입장은 마감 1시간 전까지)'),
	(5350, '국립중앙박물관', '37.52562', '126.97992', '월,화,목,금 : 10:00 ~ 18:00  수,토 : 10:00 ~ 21:00  일,공휴일 : 10:00 ~ 18:00'),
	(5351, '국립현대미술관 서울관', '37.58411', '126.97967', '화,목,금,일: 오전 10시 ~ 오후 6시\r\n금,토 : 오전 10시 ~ 오후 9시'),
	(5352, '국회의사당', '37.53203', '126.91405', '평일 09:00~18:00\r\n토요일 09:00~13:00'),
	(5354, '대한민국역사박물관', '37.57406', '126.97799', '매일 10:00~18:00'),
	(5355, '덕수궁', '37.5659', '126.97514', '화~일 09:00 ~ 20:00 (매표 및 입장시간) 21:00 (퇴장시간)'),
	(5356, '도산공원', '37.52474', '127.03544', '매일 24시간 개방  (도산기념관 평일 10:00 ∼ 18:00 토요일공휴일 11:00 - 18:00)'),
	(5357, '동대문역사관 상설전시실 재개관', '37.5674', '127.01213', '10:00~18:00'),
	(5358, '롯데월드 민속박물관', '37.51134', '127.0978', '매일 11:00~19:00(입장 및 매표 마감시간 18:30)'),
	(5359, '롯데월드타워', '37.51358', '127.10423', '매일 09:00 - 20:30 \r\n롯데면세점 매일 10:00 - 23:00 \r\n롯데마트 격주 일요일 휴무 매일 10:00 - 20:00 \r\n롯데아쿠아리움 연중 무휴 매일 10:30 - 20:00 \r\n에비뉴엘 월 1회 정기 휴무 매일 10:30 - 22:00 \r\n쇼핑몰 연중 무휴 \r\n서울스카이 평일 11:00 - 21:00 (월~목요일 일요일) 주말 11:00 - 22:00 (금~토요일) 공휴일 11:00 - 22:00 (공휴일 전일 포함) '),
	(5360, '명동관광정보센터', '37.56522', '126.98499', '명동관광정보센터 / 기념품판매관 - 09:00~18:00'),
	(5361, '명동성당', '37.56335', '126.98741', '정보없음'),
	(5362, '몽촌역사관', '37.524', '127.12425', '화~일 09:00~18:00'),
	(5363, '문화역서울 284', '37.55601', '126.97179', '화~일 10:00~19:00 (주중·주말) '),
	(5364, '봉은사', '37.51792', '127.05669', '법회 기도 불공 등 사찰 일정에 따라 이용 시간에 차이가 있음'),
	(5365, '삼성미술관 리움', '37.53858', '126.99921', '화~일 10:30 ~ 18:00 (매표마감 17:30)'),
	(5366, '서울도서관 (옛 서울시청사)', '37.5664', '126.97791', '평일 09:00~19:00 \r\n주말 09:00~17:00'),
	(5367, '서울도시건축전시관', '37.5671', '126.97665', '화~일 10:00-18:00(입장마감 17:00)'),
	(5368, '서울시립미술관 (서소문본관)', '37.56421', '126.97382', '[하절기 (3월 ~ 10월)] 화~금 10:00~20:00 (토·일·공휴일 19:00까지) \r\n[동절기 (11월 ~ 2월)] 화~금 10:00~20:00 (토·일·공휴일 18:00까지)'),
	(5369, '서울역사박물관', '37.57065', '126.97056', '화~일 09:00~18:00'),
	(5370, '송파관광정보센터', '37.51201', '127.1042', '10:00~19:00 (동절기 18:00까지)'),
	(5371, '쇳대박물관', '37.57987', '127.00459', '화~토 10:00 ~ 18:00'),
	(5372, '스마트서울 전시관', '37.56683', '126.97782', '매일 10:00~18:00(입장마감 17:30) ※ 사전예약을 통한 전시관람'),
	(5373, '스페이스 씨', '37.53032', '127.03248', '월~토 하절기(4-10월) 10:00 ~ 19:00  동절기(11월-3월) 10:00 ~ 18:00'),
	(5374, '양화진외국인선교사묘원', '37.54678', '126.91148', '개방시간 10:00~17:00 안내시간 월~토요일 AM 10:00 11:30 / PM 02:00 03:30 '),
	(5375, '연세대학교 스팀슨관&언더우드관&아펜젤러관', '37.56628', '126.93822', '월~토 오전 9:00~5:00 연세대학교 캠퍼스 개방일 학교 내부 사정에 따라 이용 시간 및 이용 여하에 차이가 있음'),
	(5376, '예술가의 집 (구 서울대학교 본관)', '37.58006', '127.00287', '10:00~20:00 (일요일 법정 공휴일 제외)'),
	(5377, '예술의 전당 한가람미술관', '37.48052', '127.01426', '화~일 10:00~19:00'),
	(5378, '운현궁', '37.57616', '126.98712', '화~일 09:00 ~ 18:00 (입장마감 17:30 / 코로나19로 단축운영)'),
	(5379, '이음피움 봉제역사관', '37.57491', '127.01025', '화~일 10:00~18:00 (17:30에 입장 마감)'),
	(5380, '전쟁기념관', '37.53673', '126.97711', '화~일 09:30 ~ 18:00'),
	(5381, '조계사', '37.57445', '126.98266', '법회 기도 불공 등 사찰 일정에 따라 이용 시간에 차이가 있음'),
	(5382, '종묘', '37.57543', '126.99385', '2월 ~ 5월 9월 ~ 10월 09:00~18:00\r\n6월 ~ 8월 09:00~18:30\r\n11월 ~ 1월 09:30~17:30'),
	(5383, '창경궁', '37.57956', '126.99469', '화~일 09:00 ~ 21:00 (입장마감 20:00)'),
	(5384, '창경궁 대온실', '37.5831', '126.99398', '정보없음'),
	(5385, '창덕궁', '37.57963', '126.99109', '09:00 ~ 18:00(입장마감은 17:00) 6-8월'),
	(5386, '한성백제박물관', '37.5157', '127.12066', '화~일 09:00~19:00'),
	(5387, '북한산국립공원', '37.62439', '126.99769', '매일 04:00 ~ 17:00 (3월~11월) 04:00 ~ 16:00 (12월~2월)'),
	(5388, '구암공원', '37.56783', '126.85305', '정보없음'),
	(5389, '고덕 수변생태공원', '37.57114', '127.15606', '정보없음'),
	(5390, '올림픽공원', '37.52098', '127.12159', '매일 05:00~22:00 도보나 자전거 출입 (광장지역은 24:00)  06:00~22:00'),
	(5391, '고척근린공원', '37.50391', '126.85209', '정보없음'),
	(5392, '북서울꿈의숲', '37.62157', '127.04067', '방문자센터 : 09:00~21:00   \r\n꿈의숲아트센터 : 23층 09:00~19:00 \r\n그 외층 09:00~21:00  \r\n상상톡톡미술관 10:00 ~ 18:00  \r\n라 포레스타 메이린 : 10:00~22:00'),
	(5393, '현대원서공원', '37.57876', '126.98856', '정보없음'),
	(5394, '남산서울타워', '37.55753', '126.98388', '전망대 월요일~금요일/일요일 10:00 ~ 23:00 토요일 10:00~24:00'),
	(5395, '석촌호수', '37.51098', '127.1042', '매일'),
	(5396, '망우산 사색의 길', '37.53025', '126.87052', '정보없음'),
	(5397, '백범광장공원', '37.55499', '126.97919', '정보없음'),
	(5398, '개화산', '37.58342', '126.80363', '정보없음'),
	(5399, '백련산', '37.59012', '126.9269', '정보없음'),
	(5400, '수성동 계곡', '37.58276', '126.96242', '정보없음'),
	(5401, '청계천', '37.56928', '126.97869', '정보없음'),
	(5402, '우장공원', '37.55283', '126.84285', '매일'),
	(5403, '탑골공원', '37.57133', '126.9883', '매일 09:00~18:00'),
	(5404, '서울숲', '37.54453', '127.03741', '24시간운영'),
	(5405, '불광천 해담는다리', '37.58258', '126.90861', '정보없음'),
	(5406, '남산공원', '37.55222', '126.99087', '상시개방'),
	(5407, '반포 한강공원', '37.51049', '126.99607', '비수기(5~6월  9~10월) (매회 20분) - 19:30 20:00 20:30 21:00 \r\n성수기(7~8월) (매회 20분) - 19:30 20:00 20:30 21:00 21:30'),
	(5408, '길동생태공원', '37.54128', '127.15619', '화~일 10:00 - 16:00'),
	(5409, '사직공원', '37.57592', '126.9677', '정보없음'),
	(5410, '솔밭근린공원', '37.65313', '127.01174', '정보없음'),
	(5411, '노들섬', '37.51854', '126.95932', '야외 및 옥외공간 24시간 개방 내부시설 : 11:00 ~ 22:00'),
	(5412, '난지천공원', '37.57274', '126.88621', '정보없음'),
	(5413, '금선사', '37.62023', '126.95331', '정보없음'),
	(5414, '서초문화예술공원', '37.46791', '127.03076', '정보없음'),
	(5415, '용마폭포공원', '37.57296', '127.09119', '매일 ※ 인공폭포 가동기간 : 5~8월(4개월간)'),
	(5416, '마로니에공원', '37.5807', '127.00282', '정보없음'),
	(5417, '보라매공원', '37.49384', '126.91882', '보라매공원 정문주차장 09:00~ 22:00'),
	(5418, '도봉산', '37.70121', '127.01611', '매일 07:30 ~ 18:00 (3월~10월) 08:00 ~ 17:00 (11월~2월)'),
	(5419, '낙산공원', '37.58093', '127.00741', '낙산 전시관 09:00 ~ 18:00 (동절기 09:00 ~ 17:00) ※공원은 24시간 개방'),
	(5420, '백악(북악)산 (서울 한양도성)', '36.61603', '127.85749', '화~일 \r\n봄가을(3~4월9~10월)  07:00 - 18:00\r\n여름(5~8월) 07:00 - 19:00\r\n겨울(11~2월) 09:00 - 17:00'),
	(5421, '여의도샛강생태공원', '37.51893', '126.92195', '매일'),
	(5422, '홍익문화공원', '37.55246', '126.9233', '정보없음'),
	(5423, '서래섬', '37.50899', '126.99079', '24시간'),
	(5424, '서소문역사공원', '37.56083', '126.96933', '화~일 09:30~17:30'),
	(5425, '화랑대 철도공원', '37.62448', '127.09331', '연중무휴'),
	(5426, '인왕산', '37.58166', '126.95794', '매일'),
	(5427, '감로천 생태공원', '37.46969', '126.9081', '정보없음'),
	(5429, '녹사평역 지하예술정원', '37.53492', '126.98662', '정보없음'),
	(5430, '우이동계곡', '37.67301', '127.00476', '정보없음'),
	(5431, '광진숲나루', '37.54772', '127.09771', '정보없음'),
	(5432, '효창공원', '37.54528', '126.96036', '매일'),
	(5433, '춘당지', '37.58222', '126.99468', '화~일 09:00 ~ 21:00'),
	(5434, '선유도 공원', '37.54443', '126.89967', '공원 06:00 ~ 24:00  \r\n전시관 : 09:00 ~ 18:00'),
	(5436, '양재시민의 숲', '37.47083', '127.0356', '매일 00:00 ~ 24:00'),
	(5437, '몽촌토성', '37.52217', '127.12286', '매일 \r\n도보나 자전거 출입 : 05:00 ~ 22:00  \r\n차량 출입 : 06:00 ~ 22:00  \r\n몽촌역사관  09:00 ~ 18:00'),
	(5438, '홍제천', '37.58225', '126.93463', '음악분수(4월3일~10월31일) 9:00 ~ 19:00'),
	(5439, '망원 한강공원', '37.55595', '126.89454', '24시간'),
	(5440, '낙성대 공원', '37.47127', '126.95994', '정보없음'),
	(5441, '이촌 한강공원', '37.51603', '126.9785', '정보없음'),
	(5443, '잠실 한강공원', '37.51818', '127.08194', '정보없음'),
	(5444, '서서울호수공원', '37.52783', '126.82988', '매일'),
	(5445, '88잔디마당', '37.52197', '127.11639', '정보없음'),
	(5446, '뚝섬유원지', '37.53029', '127.06777', '정보없음'),
	(5447, '서울함 공원', '37.55311', '126.89765', '하절기(3~10월) \r\n평일 10:00~19:00 \r\n주말 10:00~20:00 \r\n동절기(11~2월) \r\n평일 10:00~17:00 \r\n주말 10:00~18:00'),
	(5448, '아차산', '37.57185', '127.10368', '매일 00:00~24:00'),
	(5449, '배봉산근린공원', '37.58117', '127.06386', '정보없음'),
	(5450, '푸른수목원', '37.48409', '126.82561', '매일 5:00~22:00'),
	(5451, '백사실계곡', '37.60061', '126.96637', '정보없음'),
	(5452, '살곶이길', '37.55394', '127.04553', '정보없음'),
	(5454, '강서습지생태공원', '37.58668', '126.81863', '교육 프로그램에 따라 차이가 있음. 홈페이지에서 진행 프로그램 참조.'),
	(5455, '홍릉시험림(홍릉숲)', '37.5937', '127.04394', '평일\r\n3월~11월 09:00 - 18:00 \r\n11월~2월 자유관람 10:30 - 14:00'),
	(5456, '노원우주학교', '37.64087', '127.0652', '일반관람 09:30~17:30 \r\n천문대 야간관측 \r\n금요일 토일요일 19:30~21:00 (하절기 20:00~21:30)'),
	(5457, '청운공원', '37.59745', '126.96633', '정보없음'),
	(5458, '불암산', '37.66374', '127.09479', '정보없음'),
	(5459, '문화비축기지', '37.57117', '126.89408', '공원-연중무휴 상시개방 / 탱크-10:00~18:00'),
	(5460, '하늘공원', '37.5679', '126.8857', '※ 5:00 ~ 22:00 (월마다 유동적)'),
	(5462, '어린이대공원', '37.54958', '127.08187', '매일 00:00 - 24:00 (동절기 12.21.~다음해 1.31. 휴장)'),
	(5463, '서순라길', '37.57089', '126.99375', '정보없음'),
	(5464, '일자산허브천문공원', '37.53757', '127.15444', '정보없음'),
	(5465, '응봉 암벽 등반 공원', '37.54858', '127.0309', '정보없음'),
	(5467, '망우리공원', '37.59493', '127.11236', '정보없음'),
	(5468, '월드컵공원', '37.56527', '126.88942', '평화의 공원 난지천공원 난지한강공원은 상시개방 하늘공원 노을공원은 일몰시간+2시간부터 공원 통제 '),
	(5469, '수락산', '37.69683', '127.08228', '정보없음'),
	(5471, '북악산', '37.60233', '126.98066', '매일 07:00 ~ 18:00 (3~4월 9~10월) \r\n07:00 ~ 19:00 (5~8월) \r\n09:00 ~ 17:00 (11~2월)'),
	(5472, '봉산', '37.60237', '126.90177', '정보없음'),
	(5473, '노을공원', '37.57417', '126.8752', '05:00 - 22:00 월마다 유동적 (일출시~일몰시까지)'),
	(5474, '진관사계곡', '37.63541', '126.94917', '정보없음'),
	(5475, '중랑캠핑숲', '37.6047', '127.10955', '매일 캠핑장 \r\n입실 13시 00분 ~ 퇴실 익일 11시 00분 \r\n바베큐장 \r\n입실 11시 00분 ~ 퇴실 21시 30분'),
	(5476, '마포구 메타세쿼이아 숲길', '37.5676', '126.88326', '연중무휴'),
	(5477, '응봉산', '37.54889', '127.02953', '매일 00:00 ~ 24:00'),
	(5478, '월드컵공원 반려견놀이터', '37.56529', '126.88943', '화~일 10:00 ~ 21:00'),
	(5479, '여의도 공원', '37.52556', '126.92149', '정보없음'),
	(5480, '잠원 한강공원', '37.52092', '127.01219', '정보없음'),
	(5481, '관악산', '37.44345', '126.96135', '정보없음'),
	(5482, '서울대공원', '37.42818', '127.01715', '매일\r\n하절기(5월~10월) 09:00~19:00  \r\n동절기(11~2월) 09:00~17:00  \r\n간절기(3~4월 9~10월) 09:00~18:00 '),
	(5483, '마포대교 바람의 길 & 서울색공원', '37.52647', '126.93364', '정보없음'),
	(5484, '여의도 한강공원(소녀시대숲)', '37.53343', '126.91981', '정보없음'),
	(5485, '서울식물원', '37.56944', '126.83542', '화~일 \r\n3~10월 09:30~18:00\r\n11~2월 09:30~17:00'),
	(5486, '삼천사계곡', '37.64252', '126.95316', '정보없음'),
	(5487, '가을단풍길 - 남산남측순환로', '37.55086', '126.9988', '정보없음'),
	(5489, '응봉산 팔각정', '37.54796', '127.0299', '매일 00:00 ~ 24:00'),
	(5491, '숭례문 수입상가', '37.55962', '126.97608', '06:30~18:30 '),
	(5492, '목동 로데오거리', '37.52818', '126.86148', '정보없음'),
	(5493, '동묘 벼룩시장', '37.57326', '127.01783', '평일은 부분적으로 열리며  주말은 하루종일 장이 선다'),
	(5495, '마이분 (Myboon)', '37.52348', '127.04407', '10:00 ~ 22:00'),
	(5496, '씨제이더마켓 제일제당센터점', '37.56407', '127.00332', '평일 08:00~22:00 주말 10:00~22:00'),
	(5497, '통인가게', '37.57367', '126.98585', '10:00~19:00'),
	(5499, '고투몰', '37.50621', '127.00342', '10:00~22:00'),
	(5500, '디어얼스', '37.56989', '126.91353', '오후 12:00 ~ 19:00'),
	(5501, '남대문시장', '37.55931', '126.97765', '평일 00:00 - 23:00   매장별로 이용 시간이 다름'),
	(5502, '신평화 패션타운', '37.56953', '127.01107', '정보없음'),
	(5503, 'IFC몰', '37.52537', '126.92552', '10:00 ~ 22:00  (일부 매장의 경우 다를 수 있음)'),
	(5504, '교보 핫트랙스 광화문점', '37.57105', '126.97803', '09:30 ~ 22:00'),
	(5505, '서울풍물시장', '37.57287', '127.02555', '매일 10:00 - 19:00 매일 10:00 - 22:00 식당'),
	(5506, '아이파크몰', '37.52993', '126.96463', '평일 11:00 - 20:30'),
	(5507, '메세나폴리스', '37.55115', '126.91383', '정보없음'),
	(5508, 'Re CODE', '37.53963', '127.00082', 'AM 11:00 ~ PM 09:00'),
	(5509, '반디네일 강남본점', '37.50485', '127.02614', 'AM 11:00 ~ PM 10:00'),
	(5510, '올리브영 명동 플래그십', '37.5642', '126.98522', '평일 10:00 - 22:30 \r\n주말 10:00 - 22:30 \r\n공휴일 10:00 - 22:30'),
	(5511, '스타일난다', '37.55597', '126.92787', 'AM 11:00 ~ PM 11:00'),
	(5512, '제2롯데월드몰', '37.51387', '127.10519', '매장별로 다름'),
	(5513, '밀리오레 명동점', '37.56126', '126.98447', '11:00-22:00'),
	(5514, '자비시주얼리', '37.52727', '127.04307', '평일 10:00~20:00 토요일 11:00~18:00'),
	(5515, '컬처앤네이처', '37.52225', '127.03986', '10:00 ~ 18:30'),
	(5516, '레어마켓 (Rare Market)', '37.52498', '127.04479', '11:00~20:00'),
	(5517, '정샘물 플롭스', '37.52154', '127.02251', '매일 11:00~22:00'),
	(5518, '카카오프렌즈 강남 플래그십 스토어', '37.50094', '127.02581', '매일 10:30~22:00'),
	(5519, '금남시장', '37.54859', '127.02249', '시장 점포별 상이'),
	(5520, '가든파이브라이프', '37.47777', '127.12501', '매장마다 상이'),
	(5521, '루미에르 붙임머리', '37.52711', '127.02373', '00:00-24:00'),
	(5522, '코엑스몰', '37.51169', '127.05961', '10:30 - 22:00 일부 매장 상이 홈페이지 참조'),
	(5523, '신사동 가로수길', '37.52209', '127.02268', '정보없음'),
	(5524, '삼성 딜라이트', '37.49727', '127.02694', 'AM 10:00 ~ PM 07:00'),
	(5525, '롯데마트 서울역점', '37.556', '126.97042', '10:00 ~ 24:00  (각 지점별 운영시간 상이)'),
	(5526, '갤러리아백화점 WEST', '37.52866', '127.04', '월~목 10:30 ~ 20:00  금~일 10:30 ~ 20:30'),
	(5527, '테크노마트', '37.53563', '127.09548', '강변점 AM 10:00 ~ PM :8:00 신도림점(월~목 AM 10:30 ~ PM 09:00 금~일/공휴일 AM 10:30 ~ PM 09:30)'),
	(5528, '노량진 수산시장', '37.51539', '126.94094', '경매 00:00 ~ 도·소매 00:00 ~ 24:00'),
	(5529, '에비수', '37.56544', '126.98326', '10:00 ~ 22:00'),
	(5530, 'SJYP 가로수길점', '37.52081', '127.02231', '11:00~21:00'),
	(5531, '성수동 수제화 거리', '37.54554', '127.05377', '정보없음'),
	(5532, '영천시장', '37.57112', '126.96121', '09:00 ~ 23:00 (시장 점포별 상이)'),
	(5533, '이태원 앤틱 가구거리', '37.53187', '126.99484', '정보없음'),
	(5534, '알맹상점', '37.55595', '126.9119', '11:30 ~ 20:00'),
	(5536, '제니하우스', '37.52766', '127.04387', '10:00~18:00'),
	(5537, '갤러리아 명품관', '37.52858', '127.04007', '월~목 10:30 ~ 20:00 금~일 10:30 ~ 20:30'),
	(5538, '종각지하쇼핑센터', '37.57042', '126.98564', '10:00~22:00'),
	(5539, '청계5가 지하쇼핑센터', '37.56916', '127.00198', '07:00 ~ 20:00  통로개방은 24시간'),
	(5542, '신세계백화점 강남점', '37.50509', '127.00422', '10:30 ~ 20:00 연장 영업시 20:30까지 식당가 : 11:00~21:30'),
	(5543, '현대백화점 본점', '37.52749', '127.02739', '10:30 ~ 20:00  10:30 ~ 20:30 (연장엽업시) 10:30 ~ 22:00 (식당가)'),
	(5545, '명동지하쇼핑센터', '37.56386', '126.98228', '12~15번 출구 24시간 통로개방'),
	(5546, '센트럴시티', '37.50396', '127.00342', '매장별로 이용 시간이 다름'),
	(5547, '이마트 왕십리점', '37.56191', '127.0384', '10:00 - 23:00'),
	(5548, 'MCM 스페이스', '37.56199', '126.98587', '11:00 - 19:00'),
	(5550, '평화시장', '37.57293', '127.00599', '평일 22:00~18:00 토요일 22:00~20:00'),
	(5551, '연서시장', '37.61943', '126.92194', '08:00 ~ 22:00'),
	(5552, '증산종합시장', '37.58155', '126.905', '정보없음'),
	(5553, '회현지하쇼핑센터', '37.56051', '126.98226', '각 매장별로 차이가 있음'),
	(5554, '해방촌 신흥시장', '37.54522', '126.98511', '상점마다 상이'),
	(5555, '설화수 플래그십 스토어', '37.52365', '127.03547', '10:00 ~ 20:00'),
	(5559, '광장시장', '37.57031', '126.99934', '09:00 ~ 18:00 09:00 ~ 23:00 (먹자골목) 10:00 ~ 19:00 (구제상가)'),
	(5560, 'SMTOWN&STORE@DDP', '37.56648', '127.00924', '10:00- 18:00'),
	(5563, '숭인시장', '37.61339', '127.02925', '매장별로 이용 시간이 다름'),
	(5564, '현대백화점 무역센터점', '37.50878', '127.05982', '월~목 10:30 ~ 20:00 금~일 10:30 ~ 20:30 연장영업(~20시 30분): 주말 및 특정 지정일'),
	(5565, '동화면세점', '37.5698', '126.97617', '09:30 - 18:30'),
	(5566, '북촌상회', '37.57923', '126.98638', '평일 AM 09:30 ~ PM 06:00 주말/공휴일 AM 9:30 ~ PM 05:00'),
	(5567, '한국관광명품점', '37.57294', '126.98536', '매일 10:00~21:30'),
	(5568, '신세계면세점', '37.56047', '126.98074', '11:00 - 18:00'),
	(5569, '마이시티 상암점', '37.57895', '126.8917', '평일 09:30~21:00  주말 11:00~20:30'),
	(5570, '송림수제화', '37.56671', '126.98979', '평일 09:30 - 19:00 토요일 09:30 - 18:00 공휴일 09:30 - 18:00'),
	(5571, '공덕시장', '37.54528', '126.95339', '점포별 상이'),
	(5572, '한신옹기', '37.53926', '126.9866', '매일 다름'),
	(5573, '제일시장', '37.61227', '126.9289', '정보없음'),
	(5574, '스타일난다 핑크 호텔 (명동 플래그십 스토어)', '37.56216', '126.98517', '11:00 ~ 23:00'),
	(5575, '상생상회', '37.57622', '126.98377', '1층 상생상회 매장 11:00 ~ 20:00 (명절 당일 및 매달 마지막 주 월요일 휴무) 지하 1층 지역 자원 전시 홍보 공간 09:00 ~ 18:00 ( 토일 및 공휴일 휴관)'),
	(5576, '롯데백화점 본점', '37.5648', '126.98168', '월~목 10:30 ~ 20:00 (연장시 10:30 - 20:30) 금요일 주말 10:30 - 20:30'),
	(5578, '뚝섬 아름다운 나눔장터', '37.52968', '127.06926', '장터내용마다 다름(전화문의)'),
	(5579, '방학동 도깨비시장', '37.66467', '127.03396', '8:00~21:30'),
	(5580, 'Addicted', '37.52585', '127.0378', '12:00 ~ 21:00'),
	(5581, '라움에디션', '37.52875', '127.0401', '평일 10:30 ~ 20:00 주말 10:30 ~ 20:30'),
	(5582, '라뷰티코아 청담 세이엇데이점', '37.52637', '127.04696', 'AM 10:00 ~ PM 06:00'),
	(5583, '10 꼬르소 꼬모', '37.52708', '127.04229', '11:00 - 20:00'),
	(5584, '새김소리', '37.57358', '126.98552', '인사동본점 10:00 ~ 20:30'),
	(5585, '정샘물 인스피레이션', '37.52735', '127.04536', '평일 AM 10:00 ~ PM 07:00'),
	(5586, '강남역 지하쇼핑센터', '37.49877', '127.02803', '11:00-20:00'),
	(5587, '이영애화장품 삼청동하우스', '37.58377', '126.98198', '11:00 - 19:00'),
	(5588, '남성사계시장', '37.48917', '126.98055', '09:00~22:00'),
	(5589, '망원시장', '37.55671', '126.90614', '08:00 ~ 22:00'),
	(5590, '젠틀몬스터 홍대 플래그십스토어', '37.55018', '126.92009', '12:00 ~ 21:00'),
	(5591, '마리오아울렛', '37.47816', '126.88729', '평일 10:30 ~ 21:00 금요일 주말 공휴일 10:30 ~ 21:30'),
	(5592, '풍월당', '37.52607', '127.03892', '매장 AM 12:00 ~ PM 09:00 카페 AM 11:00 ~ PM 11:00'),
	(5593, '갤러리아백화점 EAST', '37.52807', '127.04161', '월-목 10:30 AM - 8:00 PM 금-일 10:30 AM - 8:30 PM'),
	(5594, '어라운드더코너 가로수길점', '37.52268', '127.0226', 'AM 11:00 ~ PM 09:00'),
	(5595, '용산전자랜드', '37.53291', '126.95887', '평일 10:00~19:30 주말 10:00~20:00  * 홈페이지에서 각 업종별 영업시간을 확인해 주시기 바랍니다.'),
	(5596, '엔터식스 왕십리점', '37.56223', '127.0383', '10:30 - 22:00'),
	(5597, '우연수집', '37.55473', '126.97743', '평일 10:00~18:00(점심시간 13:00~14:00)  주말 12:00~17:00'),
	(5598, '젠틀몬스터 신사 플래그쉽 스토어', '37.52768', '127.02147', '12:00 ~ 21:00'),
	(5599, '가락몰', '37.49201', '127.11582', '매장 08:00~20:00 식당 11:00~23:00 대형 마트 24시간 운영 (각 매장별 취급 부류별 영업시간 상이)'),
	(5600, '대림중앙시장', '37.49173', '126.89996', '08:00~20:30'),
	(5601, '더현대서울', '37.5261', '126.92853', '평일 (월 - 목) 10:30 ~ 20:00 / 10:30 ~ 22:00 (식당가) 주말 (금 - 일) 10:30 ~ 20:30 / 10:30 ~ 22:00 (식당가)'),
	(5602, '서울 중앙시장', '37.56694', '127.01986', '07:00 ~ 21:00'),
	(5603, '인사동길', '37.57352', '126.98562', '정보없음'),
	(5604, '동대문역 창신동 완구 도매 시장', '37.57351', '127.01252', '각 매장에 따라 차이가 있음'),
	(5605, '타임스퀘어', '37.52015', '126.9035', '10:30 ~ 22:00  10:30~22:00 (영화관 서점 할인점 백화점 웨딩/컨벤션 병원 등 각 테넌트별로 영업시간이 다름)'),
	(5606, '두타(DOOTA)', '37.56937', '127.00903', '월-토 : AM 10:30 - AM 05:00(익일)  일 : AM 10:30 - AM 00:00(익일) *푸드코트 및 카페 : 매장 별 영업 종료 시간 상이'),
	(5607, '홍대앞 예술시장 프리마켓', '37.55228', '126.92301', '13:00 ~ 18:00 3~11월까지 매주 토요일 13:00 ~ 18:00'),
	(5608, '종오지하쇼핑센터', '37.57151', '127.00189', '정보없음'),
	(5609, '소공 지하쇼핑센터', '37.56465', '126.97896', '08:00 ~ 22:00'),
	(5611, '서울약령시장', '37.57918', '127.037', '09:00 ~ 18:00'),
	(5612, '답십리 고미술상가', '37.56959', '127.05129', '09:00 ~ 18:00'),
	(5613, '동대문 헌책방 거리', '37.56888', '127.00766', '각 매장별로 차이가 있음 보통 21:00경까지 영업'),
	(5614, '명동 M플라자', '37.56277', '126.98534', '내부 매장에 따라 이용 시간이 다름'),
	(5615, '롯데백화점 에비뉴엘관', '37.56432', '126.9816', '월~목 10:30 - 20:00 금요일 주말  10:30 - 20:30'),
	(5616, '더 페이스샵', '37.56484', '126.98175', '정보없음'),
	(5617, '용산전자상가', '37.53384', '126.9641', '평일 AM 09:00 ~ PM 08:00 주말 AM 09:00 ~ PM 06:00  ※ 개별 매장의 운영시간은 상이하니 홈페이지에서 확인바랍니다.'),
	(5618, '낙원악기상가', '37.57282', '126.98785', '평일 09:00 - 20:00 토요일 09:00 - 20:00  일요일 일부 매장 오픈'),
	(5619, '롯데 영플라자 명동점', '37.56364', '126.98153', 'AM 11:30 ~ PM 09:30'),
	(5621, '핫트랙스 타임스퀘어점', '37.51765', '126.90289', 'AM 10:30 ~ PM 10:00'),
	(5622, '광희패션몰', '37.56877', '127.0119', '20:00 ~ 05:00'),
	(5623, '아티지 (ARTAGE)', '37.52681', '127.03418', '평일 11:00 - 20:30 토요일 11:00 - 20:30 일요일 12:00 - 20:00'),
	(5624, '에이바이봄', '37.52444', '127.04258', '10:00 ~ 19:00'),
	(5625, '카카오프렌즈 홍대 플래그십 스토어', '37.55672', '126.92375', '매일 10:30~22:00'),
	(5626, '커먼그라운드', '37.54146', '127.06553', '11:00~22:00 * 3F 식음매장 일부 오전 01:00'),
	(5627, '더 피커', '37.54697', '127.04215', '12:00-18:00'),
	(5628, '쌈지길', '37.57428', '126.98482', '10:30 ~ 20:30'),
	(5629, '아모레 플래그십 스토어 (성수)', '37.54597', '127.05884', '10:30 ~ 20:30');
/*!40000 ALTER TABLE `mapdata` ENABLE KEYS */;

-- 테이블 s06p12a204.members 구조 내보내기
CREATE TABLE IF NOT EXISTS `members` (
  `id` int(11) NOT NULL AUTO_INCREMENT,
  `member_code` varchar(45) COLLATE utf8mb4_bin NOT NULL,
  `password` varchar(45) COLLATE utf8mb4_bin DEFAULT NULL,
  `name` varchar(45) COLLATE utf8mb4_bin DEFAULT NULL,
  `birth` date DEFAULT NULL,
  `phone` varchar(45) COLLATE utf8mb4_bin DEFAULT NULL,
  `survey_count` int(11) NOT NULL DEFAULT 0,
  `is_withdraw` tinyint(1) NOT NULL DEFAULT 0,
  `is_operator` tinyint(1) NOT NULL DEFAULT 0,
  `sex` varchar(1) COLLATE utf8mb4_bin DEFAULT NULL,
  `fk_types` int(11) DEFAULT NULL,
  `fk_interests` int(11) DEFAULT NULL,
  `sns` varchar(50) COLLATE utf8mb4_bin NOT NULL,
  `nickname` varchar(50) COLLATE utf8mb4_bin DEFAULT NULL,
  PRIMARY KEY (`id`) USING BTREE,
  UNIQUE KEY `member_code` (`member_code`),
  KEY `fk_member_state` (`fk_types`) USING BTREE,
  KEY `fk_member_interest` (`fk_interests`) USING BTREE,
  CONSTRAINT `fk_members_interest` FOREIGN KEY (`fk_interests`) REFERENCES `interests` (`id`) ON DELETE NO ACTION ON UPDATE NO ACTION,
  CONSTRAINT `fk_members_types` FOREIGN KEY (`fk_types`) REFERENCES `member_types` (`id`) ON DELETE NO ACTION ON UPDATE NO ACTION
) ENGINE=InnoDB AUTO_INCREMENT=37 DEFAULT CHARSET=utf8mb4 COLLATE=utf8mb4_bin;

-- 테이블 데이터 s06p12a204.members:~19 rows (대략적) 내보내기
/*!40000 ALTER TABLE `members` DISABLE KEYS */;
INSERT INTO `members` (`id`, `member_code`, `password`, `name`, `birth`, `phone`, `survey_count`, `is_withdraw`, `is_operator`, `sex`, `fk_types`, `fk_interests`, `sns`, `nickname`) VALUES
	(0, 'test_id', 'test', 'testname', '1997-10-23', '01000000000', 0, 0, 1, '0', 0, 0, '', NULL),
	(5, 'codecode', NULL, NULL, '2022-02-07', NULL, 0, 1, 0, NULL, NULL, NULL, 'kakao', NULL),
	(10, 'code1', NULL, NULL, NULL, NULL, 0, 0, 0, NULL, NULL, NULL, 'kakao', NULL),
	(13, 'kakaocodehyorim', NULL, NULL, NULL, NULL, 0, 0, 0, NULL, NULL, NULL, 'kakao', NULL),
	(14, 'GxILtBSPxujRmoXtTlVwOIHYRXKq1', NULL, NULL, NULL, NULL, 0, 0, 0, NULL, NULL, NULL, 'google', NULL),
	(20, 'K2104638879', NULL, NULL, NULL, NULL, 0, 1, 0, NULL, NULL, NULL, 'kakao', NULL),
	(21, 'Gavy7xfiGroQmTDLDViasku8asKE2', NULL, NULL, NULL, NULL, 0, 0, 0, NULL, NULL, NULL, 'google', NULL),
	(22, 'K2120340195', NULL, NULL, NULL, NULL, 0, 0, 0, NULL, NULL, NULL, 'kakao', NULL),
	(23, 'Gaz7AmqqixzTKrSaZiCkgFENfn5w2', NULL, NULL, NULL, NULL, 0, 0, 0, NULL, NULL, NULL, 'google', NULL),
	(24, 'test3', NULL, NULL, NULL, NULL, 0, 0, 0, NULL, NULL, NULL, 'kakao', NULL),
	(26, 'test33', NULL, NULL, NULL, NULL, 0, 0, 0, NULL, NULL, NULL, 'kakao', NULL),
	(29, '123', NULL, NULL, NULL, NULL, 0, 0, 0, NULL, NULL, NULL, 'kakao', NULL),
	(30, 'K12312312312312335253', NULL, NULL, NULL, NULL, 0, 0, 0, NULL, NULL, NULL, 'kakao', NULL),
	(31, 'G4tzG37R6bfQ8GXBh9qlA3svsWF32', NULL, NULL, NULL, NULL, 0, 0, 0, NULL, NULL, NULL, 'google', NULL),
	(32, 'GgIfKeReaBEMaA3uyZDKi5jmh1EQ2', NULL, NULL, NULL, NULL, 0, 0, 0, NULL, NULL, NULL, 'google', NULL),
	(33, 'K2123372337', NULL, NULL, NULL, NULL, 0, 0, 0, NULL, NULL, NULL, 'kakao', NULL),
	(34, 'GqGTvyW72XGQCWPpLhcxbU7NcIAh2', NULL, NULL, NULL, NULL, 0, 0, 0, NULL, NULL, NULL, 'google', NULL),
	(35, 'ssafy', '1234', 'ssafy_consultant', '2022-02-17', '01000000', 0, 0, 0, NULL, NULL, NULL, 'test', NULL),
	(36, 'ssafy_coach', '1234', 'ssafy_coach', '2022-02-17', '01000000', 0, 0, 0, NULL, NULL, NULL, 'test', NULL);
/*!40000 ALTER TABLE `members` ENABLE KEYS */;

-- 테이블 s06p12a204.membertemps 구조 내보내기
CREATE TABLE IF NOT EXISTS `membertemps` (
  `id` int(11) NOT NULL AUTO_INCREMENT,
  `members_id` varchar(45) COLLATE utf8mb4_bin NOT NULL,
  `password` varchar(100) COLLATE utf8mb4_bin NOT NULL,
  `name` varchar(45) COLLATE utf8mb4_bin NOT NULL,
  `birth` datetime DEFAULT NULL,
  `phone` varchar(255) COLLATE utf8mb4_bin DEFAULT NULL,
  `survey_count` int(11) DEFAULT NULL,
  `is_operator` int(4) DEFAULT NULL,
  `is_withdraw` int(4) DEFAULT NULL,
  `sex` varchar(1) COLLATE utf8mb4_bin DEFAULT NULL,
  PRIMARY KEY (`id`),
  UNIQUE KEY `members_id` (`members_id`)
) ENGINE=InnoDB AUTO_INCREMENT=4 DEFAULT CHARSET=utf8mb4 COLLATE=utf8mb4_bin;

-- 테이블 데이터 s06p12a204.membertemps:~3 rows (대략적) 내보내기
/*!40000 ALTER TABLE `membertemps` DISABLE KEYS */;
INSERT INTO `membertemps` (`id`, `members_id`, `password`, `name`, `birth`, `phone`, `survey_count`, `is_operator`, `is_withdraw`, `sex`) VALUES
	(1, 'test', 'password', 'name', '1990-01-01 00:00:00', '1', 1, 1, 1, '1'),
	(2, 'test2', 'pass', 'teset', NULL, NULL, NULL, NULL, NULL, NULL),
	(3, '123', '$2b$10$WR1lMdwoiMQRju7P0sdaQOGmrE/eh.5ypkjSIfSWH4EUueeEDzQ6e', '123', NULL, NULL, NULL, NULL, NULL, NULL);
/*!40000 ALTER TABLE `membertemps` ENABLE KEYS */;

-- 테이블 s06p12a204.member_types 구조 내보내기
CREATE TABLE IF NOT EXISTS `member_types` (
  `id` int(11) NOT NULL AUTO_INCREMENT,
  `type` varchar(45) COLLATE utf8mb4_bin DEFAULT NULL,
  PRIMARY KEY (`id`) USING BTREE
) ENGINE=InnoDB AUTO_INCREMENT=2 DEFAULT CHARSET=utf8mb4 COLLATE=utf8mb4_bin;

-- 테이블 데이터 s06p12a204.member_types:~1 rows (대략적) 내보내기
/*!40000 ALTER TABLE `member_types` DISABLE KEYS */;
INSERT INTO `member_types` (`id`, `type`) VALUES
	(0, 'testtype');
/*!40000 ALTER TABLE `member_types` ENABLE KEYS */;

-- 테이블 s06p12a204.mileages 구조 내보내기
CREATE TABLE IF NOT EXISTS `mileages` (
  `id` int(11) NOT NULL AUTO_INCREMENT,
  `amount` int(11) DEFAULT NULL,
  `timestamp` timestamp NULL DEFAULT NULL,
  `fk_members` int(11) NOT NULL,
  `fk_states` int(11) NOT NULL,
  `mileage` int(11) DEFAULT NULL,
  PRIMARY KEY (`id`) USING BTREE,
  KEY `fk_mileage_state` (`fk_states`) USING BTREE,
  KEY `fk_mileage_member` (`fk_members`) USING BTREE,
  CONSTRAINT `fk_mileages_members` FOREIGN KEY (`fk_members`) REFERENCES `members` (`id`) ON DELETE NO ACTION ON UPDATE NO ACTION,
  CONSTRAINT `fk_mileages_states` FOREIGN KEY (`fk_states`) REFERENCES `mileage_states` (`id`) ON DELETE NO ACTION ON UPDATE NO ACTION
) ENGINE=InnoDB AUTO_INCREMENT=122 DEFAULT CHARSET=utf8mb4 COLLATE=utf8mb4_bin;

-- 테이블 데이터 s06p12a204.mileages:~78 rows (대략적) 내보내기
/*!40000 ALTER TABLE `mileages` DISABLE KEYS */;
INSERT INTO `mileages` (`id`, `amount`, `timestamp`, `fk_members`, `fk_states`, `mileage`) VALUES
	(27, 300, '2022-02-04 08:18:47', 0, 0, 300),
	(28, 300, '2022-02-04 08:24:59', 0, 0, 600),
	(29, 300, '2022-02-04 08:43:10', 0, 0, 900),
	(30, 300, '2022-02-04 08:45:16', 0, 0, 1200),
	(31, 300, '2022-02-04 08:45:35', 10, 0, 300),
	(32, 300, '2022-02-04 08:45:51', 10, 0, 600),
	(34, 200, '2022-02-04 08:54:22', 10, 0, 800),
	(35, 300, '2022-02-04 08:54:50', 10, 0, 1100),
	(36, 100, '2022-02-04 08:55:03', 5, 0, 100),
	(37, 300, '2022-02-04 12:44:47', 10, 0, 1400),
	(43, 100, '2022-02-07 08:16:28', 13, 0, 100),
	(44, 100, '2022-02-07 08:16:35', 13, 0, 200),
	(54, 100, '2022-02-07 10:24:58', 13, 0, 300),
	(56, 33, '2022-02-07 10:27:55', 13, 0, 333),
	(57, 100, '2022-02-07 10:28:18', 13, 0, 433),
	(58, 100, '2022-02-07 10:29:38', 13, 0, 533),
	(59, 100, '2022-02-07 10:29:52', 13, 0, 633),
	(60, 10, '2022-02-08 01:28:11', 13, 1, 643),
	(61, 10, '2022-02-08 01:28:53', 13, 1, 653),
	(62, 10, '2022-02-08 01:29:18', 13, 1, 663),
	(63, 33, '2022-02-08 01:30:46', 13, 1, 696),
	(64, 33, '2022-02-08 01:31:15', 13, 1, 729),
	(65, 33, '2022-02-08 01:31:30', 13, 1, 762),
	(66, 33, '2022-02-08 01:31:44', 13, 1, 795),
	(67, 33, '2022-02-08 01:32:20', 13, 1, 828),
	(68, 33, '2022-02-08 01:32:28', 13, 1, 861),
	(69, -33, '2022-02-08 01:33:56', 13, 1, 828),
	(70, -200, '2022-02-08 05:31:55', 13, 0, 628),
	(71, 0, '2022-02-12 14:55:09', 14, 0, 0),
	(72, 0, '2022-02-12 14:56:06', 14, 0, 0),
	(73, 100, '2022-02-12 15:01:20', 14, 0, 100),
	(74, 100, '2022-02-12 15:02:46', 14, 0, 200),
	(75, 100, '2022-02-12 15:02:50', 14, 0, 300),
	(76, 150, '2022-02-12 15:05:39', 14, 0, 450),
	(77, 0, '2022-02-12 15:14:41', 14, 0, 450),
	(78, 0, '2022-02-12 15:15:27', 14, 0, 450),
	(79, 10, '2022-02-12 15:20:24', 14, 0, 460),
	(80, 50, '2022-02-12 15:24:45', 14, 0, 510),
	(81, 50, '2022-02-13 04:04:25', 14, 0, 560),
	(82, 10, '2022-02-13 04:05:10', 14, 0, 570),
	(83, 300, '2022-02-13 04:23:09', 14, 0, 870),
	(84, 0, '2022-02-14 01:54:22', 14, 0, 870),
	(85, 10, '2022-02-14 02:15:04', 14, 0, 880),
	(86, 200, '2022-02-14 06:18:25', 0, 0, 1400),
	(87, 100, '2022-02-14 06:41:48', 0, 0, 1500),
	(88, 50, '2022-02-14 15:00:37', 0, 0, 1550),
	(89, 10, '2022-02-15 01:02:36', 22, 0, 10),
	(90, 150, '2022-02-15 05:42:44', 20, 0, 150),
	(91, 300, '2022-02-15 09:04:18', 23, 0, 300),
	(92, 10, '2022-02-15 13:17:53', 20, 0, 160),
	(93, 200, '2022-02-15 13:18:30', 20, 0, 360),
	(94, 10, '2022-02-15 14:21:35', 20, 0, 370),
	(95, 30, '2022-02-16 01:55:09', 0, 0, 1580),
	(96, 10, '2022-02-16 01:56:15', 31, 0, 10),
	(97, 10, '2022-02-16 01:57:10', 31, 0, 20),
	(98, 300, '2022-02-16 02:02:40', 32, 0, 300),
	(99, 50, '2022-02-16 02:03:20', 32, 0, 350),
	(100, 10, '2022-02-16 05:17:57', 22, 0, 20),
	(101, 10, '2022-02-17 01:15:44', 21, 0, 10),
	(102, 10, '2022-02-17 01:16:10', 21, 0, 20),
	(103, 300, '2022-02-17 01:17:14', 21, 0, 320),
	(104, 300, '2022-02-17 03:28:18', 21, 0, 620),
	(105, 10, '2022-02-17 05:18:51', 22, 0, 30),
	(106, 40, '2022-02-17 07:14:08', 0, 0, 1620),
	(107, -10, '2022-02-17 08:59:24', 20, 0, 360),
	(108, -10, '2022-02-17 09:03:17', 20, 0, 350),
	(109, 10, '2022-02-17 09:08:22', 22, 0, 40),
	(110, -342, '2022-02-17 11:19:15', 20, 0, 8),
	(111, -10, '2022-02-17 11:19:46', 20, 0, -2),
	(112, -100, '2022-02-17 11:27:12', 32, 0, 250),
	(113, -250, '2022-02-17 12:25:26', 32, 0, 0),
	(115, 30, '2022-02-17 13:53:32', 21, 0, 650),
	(116, 100, '2022-02-17 14:02:04', 35, 0, 100),
	(117, -100, '2022-02-17 14:02:34', 35, 0, 0),
	(118, 100, '2022-02-17 14:06:48', 35, 0, 100),
	(119, 200, '2022-02-17 14:09:46', 35, 0, 300),
	(120, -200, '2022-02-17 14:11:09', 35, 0, 100),
	(121, -100, '2022-02-17 14:46:02', 23, 0, 200);
/*!40000 ALTER TABLE `mileages` ENABLE KEYS */;

-- 테이블 s06p12a204.mileage_states 구조 내보내기
CREATE TABLE IF NOT EXISTS `mileage_states` (
  `id` int(11) NOT NULL AUTO_INCREMENT,
  `state` varchar(45) COLLATE utf8mb4_bin NOT NULL,
  PRIMARY KEY (`id`) USING BTREE
) ENGINE=InnoDB AUTO_INCREMENT=2 DEFAULT CHARSET=utf8mb4 COLLATE=utf8mb4_bin;

-- 테이블 데이터 s06p12a204.mileage_states:~2 rows (대략적) 내보내기
/*!40000 ALTER TABLE `mileage_states` DISABLE KEYS */;
INSERT INTO `mileage_states` (`id`, `state`) VALUES
	(0, '적립'),
	(1, '환급');
/*!40000 ALTER TABLE `mileage_states` ENABLE KEYS */;

-- 테이블 s06p12a204.options 구조 내보내기
CREATE TABLE IF NOT EXISTS `options` (
  `id` int(11) NOT NULL AUTO_INCREMENT,
  `value` varchar(255) COLLATE utf8mb4_bin NOT NULL,
  `type` varchar(255) COLLATE utf8mb4_bin NOT NULL,
  `img_path` varchar(255) COLLATE utf8mb4_bin DEFAULT NULL,
  `fk_surveys` int(11) NOT NULL,
  `fk_questions` int(11) NOT NULL,
  `createdAt` datetime NOT NULL,
  `updatedAt` datetime NOT NULL,
  PRIMARY KEY (`id`)
) ENGINE=InnoDB AUTO_INCREMENT=43 DEFAULT CHARSET=utf8mb4 COLLATE=utf8mb4_bin;

-- 테이블 데이터 s06p12a204.options:~40 rows (대략적) 내보내기
/*!40000 ALTER TABLE `options` DISABLE KEYS */;
INSERT INTO `options` (`id`, `value`, `type`, `img_path`, `fk_surveys`, `fk_questions`, `createdAt`, `updatedAt`) VALUES
	(1, '민초', '객관식', 'mint.png', 1, 1, '2022-01-20 00:00:00', '2022-01-20 00:00:00'),
	(2, '반민초', '객관식', 'mint2.png', 1, 1, '2022-01-20 00:00:00', '2022-01-20 00:00:00'),
	(3, '자장면', '객관식', '41cab0d7e7262c3847750c7c01815480.jpg', 2, 2, '2022-01-20 00:00:00', '2022-01-20 00:00:00'),
	(4, '짬뽕', '객관식', 'aaeb2a235b89ac305ba919e33da2e6331.jpg', 2, 2, '2022-01-20 00:00:00', '2022-01-20 00:00:00'),
	(5, '부먹', '객관식', 'VATZ708M91NB68TOWLD0.jpg', 3, 3, '2022-01-20 00:00:00', '2022-01-20 00:00:00'),
	(6, '찍먹', '객관식', 'thumb_d_7DA56E561C2C2C33E681BBF47EDFBE86.jpg', 3, 3, '2022-01-20 00:00:00', '2022-01-20 00:00:00'),
	(7, '예', '객관식', NULL, 4, 4, '2022-02-15 14:23:25', '2022-02-15 14:23:26'),
	(8, '아니오', '객관식', NULL, 4, 4, '2022-02-15 14:23:33', '2022-02-15 14:23:33'),
	(9, '예', '객관식', NULL, 4, 5, '2022-02-15 14:23:33', '2022-02-15 14:23:33'),
	(10, '아니오', '객관식', NULL, 4, 5, '2022-02-15 14:24:03', '2022-02-15 14:24:03'),
	(11, '예', '객관식', NULL, 5, 6, '2022-02-15 14:24:43', '2022-02-15 14:24:43'),
	(12, '아니오', '객관식', NULL, 5, 6, '2022-02-15 14:24:51', '2022-02-15 14:24:51'),
	(13, '예', '객관식', NULL, 5, 7, '2022-02-15 14:25:11', '2022-02-15 14:25:11'),
	(14, '아니오', '객관식', NULL, 5, 7, '2022-02-15 14:25:18', '2022-02-15 14:25:19'),
	(17, '매우만족', '객관식', NULL, 6, 9, '2022-02-15 14:20:07', '2022-02-15 14:20:07'),
	(18, '만족', '객관식', NULL, 6, 9, '2022-02-15 14:19:42', '2022-02-15 14:19:43'),
	(19, '보통', '객관식', NULL, 6, 9, '2022-02-15 14:19:20', '2022-02-15 14:19:20'),
	(20, '불만족', '객관식', NULL, 6, 9, '2022-02-15 14:18:52', '2022-02-15 14:18:52'),
	(21, '매우 불만족', '객관식', NULL, 6, 9, '2022-01-20 00:00:00', '2022-01-20 00:00:00'),
	(22, '불만사항을 입력해 주세요', '단답형', NULL, 6, 10, '2022-01-20 00:00:00', '2022-01-20 00:00:00'),
	(23, '강아지', '객관식', 'KakaoTalk_20220121_164603372.jpg', 7, 11, '2022-01-20 00:00:00', '2022-01-20 00:00:00'),
	(24, '고양이', '객관식', 'cute_cat.jpg', 7, 11, '2022-01-20 00:00:00', '2022-01-20 00:00:00'),
	(25, '후라이드치킨', '객관식', 'chicken.png', 11, 12, '2022-01-20 00:00:00', '2022-01-20 00:00:00'),
	(26, '양념치킨', '객관식', 'chicken2.png', 11, 12, '2022-01-20 00:00:00', '2022-01-20 00:00:00'),
	(27, '아메리카노', '객관식', 'coffee.png', 10, 13, '2022-01-20 00:00:00', '2022-01-20 00:00:00'),
	(28, '카페라떼', '객관식', 'coffee2.png', 10, 13, '2022-01-20 00:00:00', '2022-01-20 00:00:00'),
	(29, '코카콜라', '객관식', 'cola.png', 12, 14, '2022-01-20 00:00:00', '2022-01-20 00:00:00'),
	(30, '펩시', '객관식', 'cola2.png', 12, 14, '2022-01-20 00:00:00', '2022-01-20 00:00:00'),
	(31, '새우깡', '객관식', 'snack.png', 13, 15, '2022-01-20 00:00:00', '2022-01-20 00:00:00'),
	(32, '매운새우깡', '객관식', 'snack2.png', 13, 15, '2022-01-20 00:00:00', '2022-01-20 00:00:00'),
	(33, '봉지라면', '객관식', 'ramen.png', 14, 16, '2022-01-20 00:00:00', '2022-01-20 00:00:00'),
	(34, '컵라면', '객관식', 'ramen2.png', 14, 16, '2022-01-20 00:00:00', '2022-01-20 00:00:00'),
	(35, '짜장', '객관식', 'food.png', 15, 17, '2022-01-20 00:00:00', '2022-01-20 00:00:00'),
	(36, '카레', '객관식', 'food2.png', 15, 17, '2022-01-20 00:00:00', '2022-01-20 00:00:00'),
	(37, '참치마요', '객관식', 'kim.png', 16, 18, '2022-01-20 00:00:00', '2022-01-20 00:00:00'),
	(38, '전주비빔', '객관식', 'kim2.png', 16, 18, '2022-01-20 00:00:00', '2022-01-20 00:00:00'),
	(39, '진라면 순한맛', '객관식 ', 'ramen3.png', 9, 19, '2022-02-15 14:38:52', '2022-02-15 14:38:52'),
	(40, '진라면 매운맛', '객관식', 'ramen4.png', 9, 19, '2022-02-15 14:44:43', '2022-02-15 14:44:44'),
	(41, '호두과자', '객관식', 'snack3.png', 8, 20, '2022-02-15 14:47:53', '2022-02-15 14:47:53'),
	(42, '델리만쥬', '객관식', 'snack4.png', 8, 20, '2022-02-15 14:48:20', '2022-02-15 14:48:20');
/*!40000 ALTER TABLE `options` ENABLE KEYS */;

-- 테이블 s06p12a204.questions 구조 내보내기
CREATE TABLE IF NOT EXISTS `questions` (
  `id` int(11) NOT NULL AUTO_INCREMENT,
  `number` int(11) NOT NULL,
  `content` varchar(255) COLLATE utf8mb4_bin NOT NULL,
  `required` int(11) NOT NULL,
  `maxChoice` int(11) NOT NULL,
  `fk_surveys` int(11) NOT NULL,
  `img_path` varchar(255) COLLATE utf8mb4_bin DEFAULT NULL,
  `createdAt` datetime NOT NULL,
  `updatedAt` datetime NOT NULL,
  PRIMARY KEY (`id`)
) ENGINE=InnoDB AUTO_INCREMENT=30 DEFAULT CHARSET=utf8mb4 COLLATE=utf8mb4_bin;

-- 테이블 데이터 s06p12a204.questions:~20 rows (대략적) 내보내기
/*!40000 ALTER TABLE `questions` DISABLE KEYS */;
INSERT INTO `questions` (`id`, `number`, `content`, `required`, `maxChoice`, `fk_surveys`, `img_path`, `createdAt`, `updatedAt`) VALUES
	(1, 1, '민초 VS 반민초?', 1, 1, 1, NULL, '2022-01-20 00:00:00', '2022-01-20 00:00:00'),
	(2, 1, '자장면 VS 짬뽕', 1, 1, 2, NULL, '2022-01-20 00:00:00', '2022-01-20 00:00:00'),
	(3, 1, '부먹 VS 찍먹', 1, 1, 3, NULL, '2022-01-20 00:00:00', '2022-01-20 00:00:00'),
	(4, 1, '건강에 이상이 있나요?', 1, 1, 4, NULL, '2022-01-20 00:00:00', '2022-01-20 00:00:00'),
	(5, 2, '백신 접종 하셨나요?', 1, 1, 4, NULL, '2022-01-20 00:00:00', '2022-01-20 00:00:00'),
	(6, 1, '건강에 이상이 있나요?', 1, 1, 5, NULL, '2022-01-20 00:00:00', '2022-01-20 00:00:00'),
	(7, 2, '백신 접종 하셨나요?', 1, 1, 5, NULL, '2022-01-20 00:00:00', '2022-01-20 00:00:00'),
	(8, 3, '오늘 외출 계획이 있나요?', 1, 1, 5, NULL, '2022-01-20 00:00:00', '2022-01-20 00:00:00'),
	(9, 1, '오늘 서비스는 만족하셨나요?', 1, 1, 6, NULL, '2022-01-20 00:00:00', '2022-01-20 00:00:00'),
	(10, 2, '불만족 하셨다면 불만사항을 적어주세요', 0, 0, 6, NULL, '2022-01-20 00:00:00', '2022-01-20 00:00:00'),
	(11, 1, '강아지 VS 고양이', 1, 1, 7, NULL, '2022-01-20 00:00:00', '2022-01-20 00:00:00'),
	(12, 1, '후라이드치킨 VS 양념치킨', 1, 1, 11, NULL, '2022-02-15 14:26:26', '2022-02-15 14:26:26'),
	(13, 1, '아메리카노 VS 카페라떼', 1, 1, 10, NULL, '2022-02-15 14:27:40', '2022-02-15 14:27:41'),
	(14, 1, '코카콜라 VS 펩시', 1, 1, 12, NULL, '2022-02-15 14:29:27', '2022-02-15 14:29:27'),
	(15, 1, '새우깡 VS 매운새우깡', 1, 1, 13, NULL, '2022-02-15 14:31:16', '2022-02-15 14:31:17'),
	(16, 1, '봉지라면 VS 컵라면', 1, 1, 14, NULL, '2022-02-15 14:32:35', '2022-02-15 14:32:35'),
	(17, 1, '짜장 VS 카레', 1, 1, 15, NULL, '2022-02-15 14:33:26', '2022-02-15 14:33:26'),
	(18, 1, '참치마요 VS 전주비빔', 1, 1, 16, NULL, '2022-02-15 14:34:28', '2022-02-15 14:34:28'),
	(19, 1, '진라면 순한맛 VS 진라면 매운맛', 1, 1, 9, NULL, '2022-02-15 14:39:30', '2022-02-15 14:39:31'),
	(20, 1, '호두과자 VS 델리만쥬', 1, 1, 8, NULL, '2022-02-15 14:44:21', '2022-02-15 14:44:21');
/*!40000 ALTER TABLE `questions` ENABLE KEYS */;

-- 테이블 s06p12a204.rewards 구조 내보내기
CREATE TABLE IF NOT EXISTS `rewards` (
  `id` int(11) NOT NULL AUTO_INCREMENT,
  `probability` double NOT NULL,
  `reward` varchar(255) COLLATE utf8mb4_bin NOT NULL,
  `remain` int(11) NOT NULL,
  `cnt` int(11) NOT NULL,
  `fk_surveys` int(11) NOT NULL,
  `createdAt` datetime NOT NULL,
  `updatedAt` datetime NOT NULL,
  `need_phone` tinyint(4) NOT NULL,
  PRIMARY KEY (`id`)
) ENGINE=InnoDB AUTO_INCREMENT=97 DEFAULT CHARSET=utf8mb4 COLLATE=utf8mb4_bin;

-- 테이블 데이터 s06p12a204.rewards:~96 rows (대략적) 내보내기
/*!40000 ALTER TABLE `rewards` DISABLE KEYS */;
INSERT INTO `rewards` (`id`, `probability`, `reward`, `remain`, `cnt`, `fk_surveys`, `createdAt`, `updatedAt`, `need_phone`) VALUES
	(1, 10, '10', -3, -1, 1, '2022-02-04 14:04:41', '2022-02-17 01:15:44', 0),
	(2, 20, '100', -46, -1, 1, '2022-02-04 14:05:10', '2022-02-17 14:02:04', 0),
	(3, 10, '300', -3, -1, 1, '2022-02-04 14:05:29', '2022-02-04 13:10:11', 0),
	(4, 20, '300', -4, -1, 4, '2022-02-04 14:05:29', '2022-02-17 01:17:14', 0),
	(5, 10, '10', -4, -1, 4, '2022-02-04 14:04:41', '2022-02-17 05:18:51', 0),
	(6, 20, '100', -2, -1, 4, '2022-02-04 14:05:10', '2022-02-14 06:41:48', 0),
	(7, 10, '50', 9, 10, 4, '2022-02-04 14:05:10', '2022-02-16 02:03:20', 0),
	(8, 10, '40', -3, -1, 1, '2022-02-04 14:05:29', '2022-02-04 13:10:11', 0),
	(9, 30, '30', -3, -1, 1, '2022-02-04 14:05:29', '2022-02-04 13:10:11', 0),
	(10, 20, '50', -4, -1, 1, '2022-02-04 14:05:29', '2022-02-14 15:00:37', 0),
	(11, 20, '200', -3, -1, 4, '2022-02-04 14:05:10', '2022-02-17 14:09:46', 0),
	(12, 20, '150', -3, -1, 4, '2022-02-04 14:05:29', '2022-02-15 05:42:44', 0),
	(13, 20, '300', -3, -2, 5, '2022-02-15 13:59:06', '2022-02-17 03:28:18', 0),
	(14, 20, '100', -2, -1, 5, '2022-02-15 13:59:06', '2022-02-15 13:59:07', 0),
	(15, 10, '10', -3, -1, 5, '2022-02-15 15:10:39', '2022-02-17 09:08:22', 0),
	(16, 10, '50', 10, 10, 5, '2022-02-15 13:59:06', '2022-02-15 13:59:07', 0),
	(17, 20, '200', -3, -1, 5, '2022-02-15 13:59:06', '2022-02-15 13:18:30', 0),
	(18, 20, '150', -2, -1, 5, '2022-02-15 13:59:06', '2022-02-15 13:59:07', 0),
	(19, 10, '10', -3, -1, 7, '2022-02-15 14:02:58', '2022-02-15 14:21:35', 0),
	(20, 20, '100', -45, -1, 7, '2022-02-15 14:03:13', '2022-02-15 14:03:14', 0),
	(21, 10, '40', -3, -1, 7, '2022-02-15 14:03:27', '2022-02-15 14:03:27', 0),
	(22, 10, '300', -3, -1, 7, '2022-02-15 14:03:47', '2022-02-15 14:03:47', 0),
	(23, 30, '30', -3, -1, 7, '2022-02-15 14:04:02', '2022-02-15 14:04:02', 0),
	(24, 20, '50', -4, -1, 7, '2022-02-15 14:04:10', '2022-02-15 14:04:11', 0),
	(25, 10, '10', -4, -2, 2, '2022-02-15 15:08:18', '2022-02-17 01:16:10', 0),
	(26, 20, '100', -45, -1, 2, '2022-02-15 15:08:31', '2022-02-15 15:08:32', 0),
	(27, 10, '300', -3, -1, 2, '2022-02-15 15:08:42', '2022-02-15 15:08:43', 0),
	(28, 10, '40', -3, -1, 2, '2022-02-15 15:08:55', '2022-02-15 15:08:55', 0),
	(29, 30, '30', -3, -1, 2, '2022-02-15 15:09:03', '2022-02-15 15:09:04', 0),
	(30, 20, '50', -4, -1, 2, '2022-02-15 15:09:11', '2022-02-15 15:09:12', 0),
	(31, 10, '10', -2, -1, 3, '2022-02-15 15:09:25', '2022-02-15 15:09:25', 0),
	(32, 20, '100', -45, -1, 3, '2022-02-15 15:09:34', '2022-02-15 15:09:35', 0),
	(33, 10, '300', -3, -1, 3, '2022-02-15 15:09:43', '2022-02-15 15:09:44', 0),
	(34, 10, '40', -3, -1, 3, '2022-02-15 15:09:53', '2022-02-15 15:09:53', 0),
	(35, 30, '30', -4, -1, 3, '2022-02-15 15:10:00', '2022-02-17 13:53:32', 0),
	(36, 20, '50', -4, -1, 3, '2022-02-15 15:10:10', '2022-02-15 15:10:10', 0),
	(37, 10, '10', -2, -1, 8, '2022-02-15 15:11:50', '2022-02-15 15:11:50', 0),
	(38, 20, '100', -45, -1, 8, '2022-02-15 15:12:04', '2022-02-15 15:12:04', 0),
	(39, 10, '300', -3, -1, 8, '2022-02-15 15:12:15', '2022-02-15 15:12:15', 0),
	(40, 10, '40', -3, -1, 8, '2022-02-15 15:12:38', '2022-02-15 15:12:38', 0),
	(41, 30, '30', -3, -1, 8, '2022-02-15 15:12:47', '2022-02-15 15:12:47', 0),
	(42, 20, '50', -4, -1, 8, '2022-02-15 15:12:54', '2022-02-15 15:12:54', 0),
	(43, 10, '10', -2, -1, 9, '2022-02-15 15:13:03', '2022-02-15 15:13:03', 0),
	(44, 20, '100', -45, -1, 9, '2022-02-15 15:13:14', '2022-02-15 15:13:14', 0),
	(45, 10, '300', -3, -1, 9, '2022-02-15 15:13:22', '2022-02-15 15:13:22', 0),
	(46, 10, '40', -3, -1, 9, '2022-02-15 15:13:32', '2022-02-15 15:13:32', 0),
	(47, 30, '30', -3, -1, 9, '2022-02-15 15:13:41', '2022-02-15 15:13:41', 0),
	(48, 20, '50', -4, -1, 9, '2022-02-15 15:13:48', '2022-02-15 15:13:48', 0),
	(49, 10, '10', -2, -1, 10, '2022-02-15 15:14:01', '2022-02-15 15:14:01', 0),
	(50, 20, '100', -45, -1, 10, '2022-02-15 15:14:09', '2022-02-15 15:14:09', 0),
	(51, 10, '300', -3, -1, 10, '2022-02-15 15:14:17', '2022-02-15 15:14:17', 0),
	(52, 10, '40', -3, -1, 10, '2022-02-15 15:14:28', '2022-02-15 15:14:28', 0),
	(53, 30, '30', -3, -1, 10, '2022-02-15 15:14:36', '2022-02-15 15:14:36', 0),
	(54, 20, '50', -4, -1, 10, '2022-02-15 15:14:48', '2022-02-15 15:14:48', 0),
	(55, 10, '10', -2, -1, 11, '2022-02-15 15:14:56', '2022-02-15 15:14:57', 0),
	(56, 20, '100', -45, -1, 11, '2022-02-15 15:15:04', '2022-02-15 15:15:05', 0),
	(57, 10, '300', -3, -1, 11, '2022-02-15 15:15:12', '2022-02-15 15:15:12', 0),
	(58, 10, '40', -3, -1, 11, '2022-02-15 15:15:19', '2022-02-15 15:15:20', 0),
	(59, 30, '30', -3, -1, 11, '2022-02-15 15:15:27', '2022-02-15 15:15:27', 0),
	(60, 20, '50', -4, -1, 11, '2022-02-15 15:15:35', '2022-02-15 15:15:35', 0),
	(61, 10, '10', -2, -1, 12, '2022-02-15 15:15:42', '2022-02-15 15:15:42', 0),
	(62, 20, '100', -45, -1, 12, '2022-02-15 15:15:50', '2022-02-15 15:15:51', 0),
	(63, 10, '300', -3, -1, 12, '2022-02-15 15:16:03', '2022-02-15 15:16:03', 0),
	(64, 10, '40', -3, -1, 12, '2022-02-15 15:16:10', '2022-02-15 15:16:10', 0),
	(65, 30, '30', -3, -1, 12, '2022-02-15 15:16:18', '2022-02-15 15:16:19', 0),
	(66, 20, '50', -4, -1, 12, '2022-02-15 15:16:25', '2022-02-15 15:16:25', 0),
	(67, 10, '10', -2, -1, 13, '2022-02-15 15:16:34', '2022-02-15 15:16:38', 0),
	(68, 20, '100', -45, -1, 13, '2022-02-15 15:16:47', '2022-02-15 15:16:47', 0),
	(69, 10, '300', -3, -1, 13, '2022-02-15 15:16:55', '2022-02-15 15:16:55', 0),
	(70, 10, '40', -3, -1, 13, '2022-02-15 15:17:02', '2022-02-15 15:17:02', 0),
	(71, 30, '30', -3, -1, 13, '2022-02-15 15:17:08', '2022-02-15 15:17:09', 0),
	(72, 20, '50', -4, -1, 13, '2022-02-15 15:17:15', '2022-02-15 15:17:15', 0),
	(73, 10, '10', -3, -1, 14, '2022-02-15 15:17:22', '2022-02-15 13:17:53', 0),
	(74, 20, '100', -45, -1, 14, '2022-02-15 15:17:30', '2022-02-15 15:17:30', 0),
	(75, 10, '300', -3, -1, 14, '2022-02-15 15:17:39', '2022-02-15 15:17:39', 0),
	(76, 10, '40', -3, -1, 14, '2022-02-15 15:17:48', '2022-02-15 15:17:48', 0),
	(77, 30, '30', -3, -1, 14, '2022-02-15 15:17:54', '2022-02-15 15:17:54', 0),
	(78, 20, '50', -4, -1, 14, '2022-02-15 15:18:00', '2022-02-15 15:18:01', 0),
	(79, 10, '10', -2, -1, 15, '2022-02-15 15:18:07', '2022-02-15 15:18:07', 0),
	(80, 20, '100', -45, -1, 15, '2022-02-15 15:18:15', '2022-02-15 15:18:15', 0),
	(81, 10, '300', -4, -1, 15, '2022-02-15 15:18:21', '2022-02-16 02:02:40', 0),
	(82, 10, '40', -3, -1, 15, '2022-02-15 15:18:30', '2022-02-15 15:18:30', 0),
	(83, 30, '30', -3, -1, 15, '2022-02-15 15:18:37', '2022-02-15 15:18:37', 0),
	(84, 20, '50', -4, -1, 15, '2022-02-15 15:18:44', '2022-02-15 15:18:44', 0),
	(85, 10, '10', -3, -1, 16, '2022-02-15 15:18:51', '2022-02-16 01:56:15', 0),
	(86, 20, '100', -45, -1, 16, '2022-02-15 15:19:02', '2022-02-15 15:19:02', 0),
	(87, 10, '300', -3, -1, 16, '2022-02-15 15:19:09', '2022-02-15 15:19:10', 0),
	(88, 10, '40', -3, -1, 16, '2022-02-15 15:19:17', '2022-02-15 15:19:17', 0),
	(89, 30, '30', -4, -1, 16, '2022-02-15 15:19:26', '2022-02-16 01:55:09', 0),
	(90, 20, '50', -4, -1, 16, '2022-02-15 15:19:38', '2022-02-15 15:19:38', 0),
	(91, 10, '10', -3, -1, 6, '2022-02-15 15:19:17', '2022-02-15 15:19:17', 0),
	(92, 20, '100', -46, -1, 6, '2022-02-15 15:19:17', '2022-02-17 14:06:48', 0),
	(93, 10, '300', -3, -1, 6, '2022-02-15 15:19:17', '2022-02-15 15:19:17', 0),
	(94, 10, '40', -4, -1, 6, '2022-02-15 15:19:17', '2022-02-17 07:14:08', 0),
	(95, 30, '30', -4, -1, 6, '2022-02-15 15:19:17', '2022-02-15 15:19:17', 0),
	(96, 20, '50', -4, -1, 6, '2022-02-15 15:19:17', '2022-02-15 15:19:17', 0);
/*!40000 ALTER TABLE `rewards` ENABLE KEYS */;

-- 테이블 s06p12a204.roulette_results 구조 내보내기
CREATE TABLE IF NOT EXISTS `roulette_results` (
  `id` int(11) NOT NULL AUTO_INCREMENT,
  `fk_members` int(11) NOT NULL,
  `fk_surveys` int(11) NOT NULL,
  `fk_rewards` int(11) DEFAULT NULL,
  `phone` varchar(50) COLLATE utf8mb4_bin DEFAULT NULL,
  `fk_mileages` int(11) DEFAULT NULL COMMENT 'if null, not provided, if provided, it contains id of mileages table',
  PRIMARY KEY (`id`) USING BTREE,
  KEY `fk_results_members` (`fk_members`),
  KEY `fk_results_survyes` (`fk_surveys`),
  KEY `fk_results_rewards` (`fk_rewards`),
  KEY `fk_results_mileages` (`fk_mileages`) USING BTREE,
  CONSTRAINT `fk_results_members` FOREIGN KEY (`fk_members`) REFERENCES `members` (`id`) ON DELETE NO ACTION ON UPDATE NO ACTION,
  CONSTRAINT `fk_results_mileages` FOREIGN KEY (`fk_mileages`) REFERENCES `mileages` (`id`) ON DELETE NO ACTION ON UPDATE NO ACTION,
  CONSTRAINT `fk_results_rewards` FOREIGN KEY (`fk_rewards`) REFERENCES `rewards` (`id`) ON DELETE NO ACTION ON UPDATE NO ACTION,
  CONSTRAINT `fk_results_survyes` FOREIGN KEY (`fk_surveys`) REFERENCES `surveys` (`id`) ON DELETE NO ACTION ON UPDATE NO ACTION
) ENGINE=InnoDB AUTO_INCREMENT=109 DEFAULT CHARSET=utf8mb4 COLLATE=utf8mb4_bin;

-- 테이블 데이터 s06p12a204.roulette_results:~29 rows (대략적) 내보내기
/*!40000 ALTER TABLE `roulette_results` DISABLE KEYS */;
INSERT INTO `roulette_results` (`id`, `fk_members`, `fk_surveys`, `fk_rewards`, `phone`, `fk_mileages`) VALUES
	(78, 13, 1, 2, '', 59),
	(79, 14, 1, 2, '', 59),
	(80, 14, 6, 2, '', 59),
	(81, 14, 4, 4, '', 83),
	(82, 14, 3, 5, NULL, 85),
	(83, 0, 4, 11, NULL, 86),
	(84, 0, 4, 6, NULL, 87),
	(85, 0, 1, 10, NULL, 88),
	(86, 22, 1, 1, NULL, 89),
	(87, 20, 4, 12, NULL, 90),
	(88, 23, 4, 4, NULL, 91),
	(89, 20, 14, 73, NULL, 92),
	(90, 20, 5, 17, NULL, 93),
	(91, 20, 7, 19, NULL, 94),
	(92, 0, 16, 89, NULL, 95),
	(93, 31, 16, 85, NULL, 96),
	(94, 31, 4, 5, NULL, 97),
	(95, 32, 15, 81, NULL, 98),
	(96, 32, 4, 7, NULL, 99),
	(97, 22, 2, 25, NULL, 100),
	(98, 21, 1, 1, NULL, 101),
	(99, 21, 2, 25, NULL, 102),
	(100, 21, 4, 4, NULL, 103),
	(102, 22, 4, 5, NULL, 105),
	(103, 0, 6, 94, NULL, 106),
	(104, 22, 5, 15, NULL, 109),
	(106, 35, 1, 2, NULL, 116),
	(107, 35, 6, 92, NULL, 118),
	(108, 35, 4, 11, NULL, 119);
/*!40000 ALTER TABLE `roulette_results` ENABLE KEYS */;

-- 테이블 s06p12a204.sequelizemeta 구조 내보내기
CREATE TABLE IF NOT EXISTS `sequelizemeta` (
  `name` varchar(255) COLLATE utf8_unicode_ci NOT NULL,
  PRIMARY KEY (`name`),
  UNIQUE KEY `name` (`name`)
) ENGINE=InnoDB DEFAULT CHARSET=utf8 COLLATE=utf8_unicode_ci;

-- 테이블 데이터 s06p12a204.sequelizemeta:~19 rows (대략적) 내보내기
/*!40000 ALTER TABLE `sequelizemeta` DISABLE KEYS */;
INSERT INTO `sequelizemeta` (`name`) VALUES
	('20220118105454-create-question.js'),
	('20220119044339-create-survey.js'),
	('20220119053913-create-question.js'),
	('20220119062538-create-user.js'),
	('20220119063031-create-example.js'),
	('20220119065245-create-exmembers.js'),
	('20220120031407-create-survey.js'),
	('20220120032600-create-test-survey.js'),
	('20220120032914-create-test-question.js'),
	('20220120033438-create-test-option.js'),
	('20220121054300-create-test-reward.js'),
	('20220125071223-create-answer.js'),
	('20220125131814-create-test-answer.js'),
	('20220125134436-create-test-answer.js'),
	('20220126054757-create-survey.js'),
	('20220126055014-create-question.js'),
	('20220126055237-create-option.js'),
	('20220126055437-create-answer.js'),
	('20220126055633-create-reward.js');
/*!40000 ALTER TABLE `sequelizemeta` ENABLE KEYS */;

-- 테이블 s06p12a204.surveys 구조 내보내기
CREATE TABLE IF NOT EXISTS `surveys` (
  `id` int(11) NOT NULL AUTO_INCREMENT,
  `title` varchar(255) COLLATE utf8mb4_bin NOT NULL,
  `host` varchar(255) COLLATE utf8mb4_bin NOT NULL,
  `target` varchar(255) COLLATE utf8mb4_bin DEFAULT NULL,
  `is_VS` int(11) NOT NULL,
  `img_path` varchar(255) COLLATE utf8mb4_bin DEFAULT NULL,
  `deletedAt` datetime NOT NULL,
  `createdAt` datetime NOT NULL,
  `updatedAt` datetime NOT NULL,
  PRIMARY KEY (`id`)
) ENGINE=InnoDB AUTO_INCREMENT=46 DEFAULT CHARSET=utf8mb4 COLLATE=utf8mb4_bin;

-- 테이블 데이터 s06p12a204.surveys:~16 rows (대략적) 내보내기
/*!40000 ALTER TABLE `surveys` DISABLE KEYS */;
INSERT INTO `surveys` (`id`, `title`, `host`, `target`, `is_VS`, `img_path`, `deletedAt`, `createdAt`, `updatedAt`) VALUES
	(1, '베라 설문조사', '베스킨라빈스', 'every', 1, NULL, '2022-03-26 00:00:00', '2022-01-26 00:00:00', '2022-01-26 00:00:00'),
	(2, '중식 설문조사', '북경', 'every', 1, NULL, '2022-03-26 00:00:00', '2022-01-26 00:00:00', '2022-01-26 00:00:00'),
	(3, '탕수육 설문조사', '북경', 'every', 1, NULL, '2022-03-26 00:00:00', '2022-01-26 00:00:00', '2022-01-26 00:00:00'),
	(4, 'SSAFY 오전 건강설문', 'SSAFY', 'every', 0, NULL, '2022-03-26 00:00:00', '2022-01-26 00:00:00', '2022-01-26 00:00:00'),
	(5, 'SSAFY 오후 건강설문', 'SSAFY', 'every', 0, NULL, '2022-03-26 00:00:00', '2022-01-26 00:00:00', '2022-01-26 00:00:00'),
	(6, '고객 만족도 설문', 'SSAFY', 'every', 0, NULL, '2022-03-26 00:00:00', '2022-01-26 00:00:00', '2022-01-26 00:00:00'),
	(7, '애완동물 선호도 설문', '동물 병원', 'every', 1, NULL, '2022-03-26 00:00:00', '2022-01-26 00:00:00', '2022-01-26 00:00:00'),
	(8, '휴게소 간식 설문', '고속도로 휴게소', 'every', 1, NULL, '2022-03-26 00:00:00', '2022-01-26 00:00:00', '2022-01-26 00:00:00'),
	(9, '진라면 설문조사', '오뚜기', 'every', 1, NULL, '2022-03-26 00:00:00', '2022-02-15 14:38:25', '2022-02-15 14:38:25'),
	(10, '스타벅스 선호도 설문', '스타벅스', 'every', 1, NULL, '2022-03-26 00:00:00', '2022-01-26 00:00:00', '2022-01-26 00:00:00'),
	(11, '치킨 선호도 설문', 'BBQ', 'every', 1, NULL, '2022-03-26 00:00:00', '2022-02-15 14:26:49', '2022-02-15 14:26:50'),
	(12, '콜라 설문조사', '코카콜라와 펩시', 'every', 1, NULL, '2022-03-26 00:00:00', '2022-02-15 14:30:04', '2022-02-15 14:30:04'),
	(13, '새우깡 설문조사', '농심', 'every', 1, NULL, '2022-03-26 00:00:00', '2022-02-15 14:31:34', '2022-02-15 14:31:35'),
	(14, '라면 설문조사', '농심', 'every', 1, NULL, '2022-03-26 00:00:00', '2022-02-15 14:32:48', '2022-02-15 14:32:48'),
	(15, '짜장 카레 설문조사', '오뚜기', 'every', 1, NULL, '2022-03-26 00:00:00', '2022-02-15 14:34:12', '2022-02-15 14:34:12'),
	(16, '삼각김밥 설문조사', '편의점', 'every', 1, NULL, '2022-03-26 00:00:00', '2022-02-15 14:34:53', '2022-02-15 14:34:53');
/*!40000 ALTER TABLE `surveys` ENABLE KEYS */;

-- 테이블 s06p12a204.users 구조 내보내기
CREATE TABLE IF NOT EXISTS `users` (
  `id` int(11) NOT NULL AUTO_INCREMENT,
  `firstName` varchar(255) COLLATE utf8mb4_bin DEFAULT NULL,
  `lastName` varchar(255) COLLATE utf8mb4_bin DEFAULT NULL,
  `email` varchar(255) COLLATE utf8mb4_bin DEFAULT NULL,
  `createdAt` datetime NOT NULL,
  `updatedAt` datetime NOT NULL,
  PRIMARY KEY (`id`)
) ENGINE=InnoDB DEFAULT CHARSET=utf8mb4 COLLATE=utf8mb4_bin;

-- 테이블 데이터 s06p12a204.users:~0 rows (대략적) 내보내기
/*!40000 ALTER TABLE `users` DISABLE KEYS */;
/*!40000 ALTER TABLE `users` ENABLE KEYS */;

/*!40101 SET SQL_MODE=IFNULL(@OLD_SQL_MODE, '') */;
/*!40014 SET FOREIGN_KEY_CHECKS=IFNULL(@OLD_FOREIGN_KEY_CHECKS, 1) */;
/*!40101 SET CHARACTER_SET_CLIENT=@OLD_CHARACTER_SET_CLIENT */;
/*!40111 SET SQL_NOTES=IFNULL(@OLD_SQL_NOTES, 1) */;
